customer_id,customer_fname,customer_lname,phone_number,date_of_birth,customer_email,gender,street_address,city,postal_code,country
46656461,Tom,Marshall,+44 7752 344 765,1969-11-11,tom.marshall@outlook.com,Male,5021 Andrews Green,Dominguezburgh,SE92 7HD,United Kingdom
26286750,Julia,Green,+44 7293 812 185,1977-06-05,julia.green@gmail.com,Female,4618 Kathleen Via,North Tamara,DE28 9PM,United Kingdom
72755915,Marcus,Dixon,+44 7206 111 207,1976-12-27,marcus.dixon@yahoo.com,Male,3392 Lisa Points,Racheltown,YO63 0HE,United Kingdom
83132667,Robert,Reed,+44 7699 500 425,1992-12-14,robert.reed@gmail.com,Male,538 Thompson Highway,Dyermouth,W52 7PD,United Kingdom
64119946,Sean,Palmer,+44 7853 986 901,2003-04-27,sean.palmer@outlook.com,Male,803 Raymond Plains,New Michael,EH47 5JF,United Kingdom
80220271,Jessica,Owens,+44 7298 642 153,1984-04-27,jessica.owens@yahoo.com,Female,1010 Valerie Park,Williamhaven,WC96 2NV,United Kingdom
62441428,Mark,Rodgers,+44 7153 534 951,1990-02-26,mark.rodgers@hotmail.com,Unknown,3796 Thomas Isle,Nathanielmouth,NW44 5SX,United Kingdom
19808203,Regina,Leach,+44 7971 522 653,1965-07-16,regina.leach@hotmail.com,Female,64146 Hart Club,South Philipberg,SE41 7NJ,United Kingdom
79503299,Adam,Rodriguez,+44 7197 911 554,1990-07-26,adam.rodriguez@gmail.com,Female,42619 Taylor Corner,New Adrianland,SE90 5XA,United Kingdom
90272562,Dustin,Mccall,+44 7784 154 234,1978-07-22,dustin.mccall@icloud.com,Unknown,882 Kenneth Mountains,Port Bonniemouth,SW69 6CM,United Kingdom
47839835,Kelly,Hall,+44 7622 818 971,1986-08-15,kelly.hall@outlook.com,Female,35375 Brittany Mountain,New Peter,NW60 8IV,United Kingdom
54510851,Dana,Bailey,+44 7441 589 836,1986-06-13,dana.bailey@hotmail.com,Unknown,039 White Hill,Lake Graceland,NE78 4OU,United Kingdom
68898228,Mark,Coleman,+44 7101 249 631,2000-06-26,mark.coleman@yahoo.com,Unknown,5100 Jennifer Trail,New Sally,SW3 5AT,United Kingdom
86910305,Cameron,Martin,+44 7426 489 961,1989-01-04,cameron.martin@outlook.com,Unknown,5951 Hunt Overpass,Lake Amyside,WC48 0ZA,United Kingdom
78086179,Anne,Lara,+44 7552 686 313,1987-11-12,anne.lara@outlook.com,Female,7693 Garcia Cliff,Emilyview,SE48 7VL,United Kingdom
20924478,Bradley,Stewart,+44 7739 743 404,1966-11-01,bradley.stewart@yahoo.com,Unknown,065 Moore Shoals,Erikburgh,AB70 8HD,United Kingdom
17550494,Stephen,House,+44 7290 431 664,1986-08-27,stephen.house@gmail.com,Female,681 Brown Streets,Port Catherine,G51 8AS,United Kingdom
92425586,Jason,Beck,+44 7925 256 723,2004-09-09,jason.beck@icloud.com,Female,81632 Williams Walks,East Amanda,G41 3LL,United Kingdom
44062205,Chase,Gibson,+44 7565 319 409,1982-01-23,chase.gibson@icloud.com,Female,68011 Davidson Springs,Ericborough,W50 4GI,United Kingdom
41821486,Alexandra,Gregory,+44 7118 603 578,1980-09-03,alexandra.gregory@hotmail.com,Unknown,294 Donna Drive,South Donnamouth,BT31 4VC,United Kingdom
17691376,Karina,Zamora,+44 7141 842 542,1998-10-06,karina.zamora@gmail.com,Unknown,20128 Sean Light,North Isabel,DE71 3QJ,United Kingdom
97560035,Margaret,Dunlap,+44 7483 990 416,1980-01-15,margaret.dunlap@icloud.com,Unknown,248 Jade Common,South Allisonmouth,YO88 2JV,United Kingdom
47774175,Larry,Santana,+44 7397 886 153,1998-08-26,larry.santana@hotmail.com,Female,6247 Karen Ferry,New Meganville,SE75 4CR,United Kingdom
24260131,Alfred,White,+44 7857 708 911,1974-03-17,alfred.white@outlook.com,Female,604 Miller Spurs,West Adam,YO64 6DI,United Kingdom
64918899,Jennifer,Moore,+44 7196 196 573,1997-08-09,jennifer.moore@gmail.com,Female,2145 Andrew Plaza,Nielsenborough,CF17 8WQ,United Kingdom
59549653,Jodi,Cruz,+44 7472 648 776,1995-02-06,jodi.cruz@outlook.com,Unknown,440 Joshua Locks,New Gary,NW5 3RT,United Kingdom
80773421,Lisa,Smith,+44 7194 386 349,1974-06-09,lisa.smith@gmail.com,Unknown,1005 Martin Highway,West Hannahside,NW35 4UZ,United Kingdom
52605303,Tyler,Harper,+44 7185 960 192,1980-06-04,tyler.harper@gmail.com,Female,53799 Valentine Passage,Lindseyview,BT69 1KH,United Kingdom
28703007,Haley,Mclean,+44 7707 656 381,1977-10-18,haley.mclean@outlook.com,Unknown,7428 Hill Key,North Christinahaven,CF35 8UF,United Kingdom
45928126,Cassandra,Hamilton,+44 7424 719 898,1977-04-21,cassandra.hamilton@outlook.com,Unknown,796 Davis Crossing,East Jill,SW79 8BS,United Kingdom
18039682,Edward,Knox,+44 7470 842 752,1991-01-01,edward.knox@outlook.com,Female,86139 Stephanie Pass,Dunnborough,EH66 5UE,United Kingdom
83245338,James,Williams,+44 7325 861 335,1998-05-14,james.williams@outlook.com,Male,7365 Roth Squares,North Jamesbury,G8 6ZZ,United Kingdom
14748184,Wendy,Vance,+44 7535 565 575,1999-08-10,wendy.vance@icloud.com,Female,20864 Lowery Village,West Alexander,L75 1EW,United Kingdom
36401000,Alan,Aguilar,+44 7348 944 186,1997-03-18,alan.aguilar@gmail.com,Female,4414 Brandon Lock,North Brandy,NE56 6WP,United Kingdom
30818041,Toni,Johnson,+44 7846 537 355,2004-10-21,toni.johnson@outlook.com,Unknown,200 Gregory Fords,South Tabitha,BT33 9SK,United Kingdom
75901120,David,Ball,+44 7628 719 970,1979-04-15,david.ball@hotmail.com,Male,14618 Lambert Camp,Alyssamouth,DE70 4FV,United Kingdom
93039995,Stacey,Brown,+44 7717 657 941,1986-12-11,stacey.brown@outlook.com,Female,228 Jones Route,South William,W59 5SY,United Kingdom
96898030,Shawn,Vaughan,+44 7322 582 979,1984-04-03,shawn.vaughan@outlook.com,Unknown,8863 Fleming Springs,North Maryland,W53 4IE,United Kingdom
50882300,Wendy,Arias,+44 7337 825 448,1972-12-06,wendy.arias@hotmail.com,Unknown,990 Joseph Corners,East Matthew,CF44 1PL,United Kingdom
68525883,Nicole,Parker,+44 7304 689 253,2004-10-21,nicole.parker@gmail.com,Unknown,92171 Megan Island,Edwardland,NE16 2VZ,United Kingdom
15687409,David,Espinoza,+44 7330 390 501,1998-03-02,david.espinoza@yahoo.com,Male,021 Grant Track,Lake Elizabethmouth,NE13 8AN,United Kingdom
40354010,Michael,Allen,+44 7252 568 244,1989-06-13,michael.allen@hotmail.com,Male,87869 Gonzalez Field,Jamesberg,BT32 3KS,United Kingdom
34647186,Alejandro,Wilson,+44 7816 425 537,1997-01-09,alejandro.wilson@icloud.com,Unknown,494 Rogers Street,Nelsonhaven,NW63 0OE,United Kingdom
35928454,Monica,Smith,+44 7777 773 855,1984-08-12,monica.smith@hotmail.com,Female,5138 Townsend Ports,West Sandyland,WC81 5KO,United Kingdom
44752353,Sydney,Rivera,+44 7154 922 568,2004-02-16,sydney.rivera@gmail.com,Female,355 Archer Villages,Michaelberg,M55 1IC,United Kingdom
90551719,Sonya,Pham,+44 7147 964 351,1995-08-31,sonya.pham@gmail.com,Unknown,244 Smith Drive,Elliston,DE21 5TF,United Kingdom
15140738,Kelsey,Barnes,+44 7681 872 437,1993-05-27,kelsey.barnes@outlook.com,Unknown,3821 Sullivan Row,New Matthew,SE6 9YP,United Kingdom
91562086,Madison,Ibarra,+44 7237 232 416,1985-11-28,madison.ibarra@icloud.com,Unknown,33756 Joseph Expressway,Caldwellchester,YO90 7PP,United Kingdom
11938386,Cindy,Ross,+44 7495 640 101,1996-03-13,cindy.ross@yahoo.com,Unknown,1924 Michael Inlet,South Barbara,G96 5AQ,United Kingdom
44402316,Ashley,Hall,+44 7487 555 160,1990-12-01,ashley.hall@yahoo.com,Unknown,7431 Brandon Meadows,Portermouth,NE23 8UQ,United Kingdom
89138041,Brent,Mcgee,+44 7369 120 460,1973-11-24,brent.mcgee@outlook.com,Unknown,705 Stacey Drive,Brandyshire,SW70 1NF,United Kingdom
84995390,Joseph,Woods,+44 7672 441 114,1999-07-07,joseph.woods@hotmail.com,Female,33577 Anderson Mountain,East Kristen,W9 1CS,United Kingdom
24418280,John,Hammond,+44 7763 418 772,1993-03-02,john.hammond@hotmail.com,Male,3287 Leach Passage,Valerieland,EH23 1OS,United Kingdom
75674974,Karen,Norris,+44 7904 679 676,1991-03-23,karen.norris@icloud.com,Female,688 Christopher Key,South Sean,NW52 6FK,United Kingdom
67209815,Melinda,Thompson,+44 7721 341 965,1998-10-25,melinda.thompson@icloud.com,Unknown,060 Krystal Rapid,Jasonton,G9 8CS,United Kingdom
58611227,Danielle,Byrd,+44 7643 572 744,1968-12-10,danielle.byrd@gmail.com,Unknown,82331 Bobby Drive,Lake Derekshire,YO97 3IP,United Kingdom
17518733,Amy,Elliott,+44 7621 114 887,2003-10-06,amy.elliott@yahoo.com,Female,2588 Brittany Roads,Combsshire,SE20 8AE,United Kingdom
34939076,Connor,Oneill,+44 7889 296 507,1972-11-20,connor.oneill@hotmail.com,Unknown,149 Collin Course,New Timothytown,SW79 9RY,United Kingdom
48570893,Heather,Jones,+44 7210 835 373,1977-02-23,heather.jones@hotmail.com,Unknown,578 Phillips Oval,New Edgarfurt,CF41 6YG,United Kingdom
44627378,Jill,Jones,+44 7887 409 505,1995-11-02,jill.jones@hotmail.com,Unknown,2294 Andrew Prairie,New Donald,SE38 1SI,United Kingdom
18811835,Kimberly,Smith,+44 7453 998 886,1985-05-08,kimberly.smith@gmail.com,Female,21716 Miranda Vista,Burnsbury,YO83 8QD,United Kingdom
12521928,Caroline,Thompson,+44 7715 178 578,1999-08-19,caroline.thompson@gmail.com,Unknown,3110 Johnson Falls,Port Joel,BT49 0VX,United Kingdom
96877836,Breanna,Davis,+44 7150 340 695,1995-07-05,breanna.davis@icloud.com,Unknown,987 Woods Port,Port Timothy,G95 6LB,United Kingdom
75919423,Vicki,Tran,+44 7556 991 710,1976-08-18,vicki.tran@outlook.com,Female,2697 Natalie Avenue,West Davidfurt,L51 1JX,United Kingdom
82682857,Thomas,Gonzalez,+44 7377 211 502,1996-09-12,thomas.gonzalez@yahoo.com,Female,6156 Stone Keys,New Charles,W35 5QA,United Kingdom
17793406,Jeffrey,Scott,+44 7346 784 896,1966-12-13,jeffrey.scott@icloud.com,Female,87195 Nicole Pine,Lanemouth,EH20 9UL,United Kingdom
77222172,Erica,Ortega,+44 7548 777 171,1978-07-28,erica.ortega@gmail.com,Female,2594 Cherry Vista,Williamberg,DE42 9IA,United Kingdom
42330015,Ronnie,Boyd,+44 7927 676 268,1989-08-22,ronnie.boyd@icloud.com,Female,6430 Brenda Ridges,Tonyside,BT92 5JS,United Kingdom
75393202,Stephen,Long,+44 7106 459 676,1967-05-12,stephen.long@gmail.com,Unknown,60776 Timothy Mission,Jamesfurt,L84 0AJ,United Kingdom
94636392,Matthew,Vega,+44 7336 444 306,1975-01-31,matthew.vega@outlook.com,Female,4840 Thomas Mountain,Bakerborough,YO57 3CP,United Kingdom
83870215,Lisa,Li,+44 7386 989 715,1997-02-26,lisa.li@gmail.com,Female,33647 Scott Loop,Port Andreland,AB79 5VS,United Kingdom
42371746,Alyssa,Gibbs,+44 7954 597 852,1992-11-19,alyssa.gibbs@gmail.com,Unknown,14556 Crystal Estates,Lake Robertburgh,WC45 4OL,United Kingdom
40020058,Tracy,Baker,+44 7678 826 428,1989-11-09,tracy.baker@yahoo.com,Unknown,22993 Jones Squares,New Brian,NE87 2KB,United Kingdom
72225583,Ronald,Thomas,+44 7841 378 456,1998-11-13,ronald.thomas@gmail.com,Female,94541 Oneill Loop,Huertatown,EH62 6JN,United Kingdom
97577650,Shane,Cooper,+44 7925 877 959,1984-10-25,shane.cooper@outlook.com,Unknown,6792 Jones Road,Kaufmanborough,SW66 5KF,United Kingdom
58747056,James,Brennan,+44 7665 777 472,2000-02-13,james.brennan@outlook.com,Male,9826 Martin Harbor,Karamouth,CF86 6EV,United Kingdom
76789060,Noah,Lee,+44 7182 897 227,1971-08-30,noah.lee@gmail.com,Female,7371 Karen Summit,Port Susan,EH22 7MC,United Kingdom
90077102,Samantha,Christensen,+44 7805 502 659,1980-01-07,samantha.christensen@icloud.com,Unknown,274 Sandra Lodge,West Dannyside,M67 9PS,United Kingdom
47745152,Karen,Powell,+44 7857 780 637,1980-04-17,karen.powell@hotmail.com,Female,17144 Lane Rapid,East Ann,NE75 9MY,United Kingdom
38252610,Jennifer,Smith,+44 7538 553 791,1995-01-10,jennifer.smith@yahoo.com,Female,447 Martinez Shoals,Grahamland,WC50 8OO,United Kingdom
76510415,Joshua,Richardson,+44 7701 150 900,1984-05-19,joshua.richardson@gmail.com,Female,369 Clarke Bypass,Port Karen,CF37 3LD,United Kingdom
51183470,Natasha,Floyd,+44 7256 484 410,1979-06-09,natasha.floyd@yahoo.com,Unknown,1869 Stark Squares,Anthonyport,M31 9HF,United Kingdom
14303781,Sandra,Todd,+44 7271 289 962,2004-03-07,sandra.todd@gmail.com,Female,9687 Jenna Fields,West Leonard,YO52 0AW,United Kingdom
88849325,Matthew,Diaz,+44 7961 364 839,2000-09-11,matthew.diaz@icloud.com,Female,5795 Anthony Drive,South Mollystad,L49 5SU,United Kingdom
64350719,Michael,Martin,+44 7218 845 528,1990-07-17,michael.martin@icloud.com,Male,3917 Jordan Neck,Smithview,YO73 6AI,United Kingdom
95175374,Jacob,Robinson,+44 7900 400 404,1995-02-14,jacob.robinson@hotmail.com,Female,638 Jacob Plains,Wandashire,NE11 8AC,United Kingdom
33064901,Samuel,Torres,+44 7662 843 786,1987-02-05,samuel.torres@yahoo.com,Female,7866 Kelly Highway,East Lisafurt,CF17 7RE,United Kingdom
42074500,Alexander,Smith,+44 7356 524 666,1992-10-03,alexander.smith@hotmail.com,Female,0783 Richard Stream,East Thomas,G65 1TZ,United Kingdom
18775477,David,Garrett,+44 7931 879 644,1991-07-03,david.garrett@outlook.com,Male,27539 Emily Well,New Gordon,AB23 9YO,United Kingdom
96536733,Julie,Robinson,+44 7632 368 883,1992-10-13,julie.robinson@yahoo.com,Unknown,983 Danielle Crescent,West James,G83 6JC,United Kingdom
82421667,Tiffany,Zhang,+44 7286 520 460,1995-03-01,tiffany.zhang@gmail.com,Female,0218 Chavez Streets,Adrianashire,W66 0GV,United Kingdom
21303742,Kaitlin,Lopez,+44 7967 216 953,2001-06-29,kaitlin.lopez@yahoo.com,Female,0617 Johnson Street,North Lisa,W94 1PE,United Kingdom
71216533,Carrie,Doyle,+44 7100 445 952,1993-01-19,carrie.doyle@yahoo.com,Unknown,604 Hickman Points,Fraziershire,CF49 5DZ,United Kingdom
94036410,Jorge,Carson,+44 7461 408 579,1994-07-20,jorge.carson@outlook.com,Female,9530 Townsend Highway,North Alexton,EH10 0AJ,United Kingdom
29471833,Gordon,Hinton,+44 7913 697 796,1989-05-04,gordon.hinton@outlook.com,Unknown,78803 Carol Wells,South Derrick,YO90 0DS,United Kingdom
90492828,Marilyn,Ferrell,+44 7324 641 991,2001-12-03,marilyn.ferrell@icloud.com,Female,1544 Tina Village,South Sarahville,M81 2YZ,United Kingdom
12738653,Jenna,Keller,+44 7770 553 609,2001-01-26,jenna.keller@outlook.com,Female,932 Chang Hills,Jamestown,AB85 8WT,United Kingdom
33166541,Kim,Mercer,+44 7307 519 726,1995-05-23,kim.mercer@yahoo.com,Unknown,36673 Michael Spring,North Curtis,CF91 6HT,United Kingdom
63364852,Cynthia,Bell,+44 7937 901 596,1964-04-10,cynthia.bell@icloud.com,Female,4149 Jeremy Lights,Watkinston,L82 4JU,United Kingdom
60763118,Donald,Lopez,+44 7424 235 946,1982-07-09,donald.lopez@yahoo.com,Female,70135 Jennifer Mountains,Jasonside,M96 0EK,United Kingdom
72289243,Yolanda,Hayes,+44 7670 567 189,1986-06-24,yolanda.hayes@gmail.com,Female,29810 Kevin Key,Markland,M6 4BE,United Kingdom
56084836,Cory,Sanchez,+44 7910 229 142,1974-07-11,cory.sanchez@icloud.com,Unknown,2135 Dominique Spurs,West Matthew,WC59 8FG,United Kingdom
48754190,Natalie,Gamble,+44 7737 676 925,1986-06-11,natalie.gamble@gmail.com,Unknown,0567 Romero Estate,Martinezburgh,WC86 3TC,United Kingdom
66704688,Bruce,Benson,+44 7586 817 537,1985-03-03,bruce.benson@gmail.com,Female,71353 Diana Isle,Angelafort,DE78 6VV,United Kingdom
46605557,Calvin,Mendez,+44 7553 266 707,1967-03-18,calvin.mendez@yahoo.com,Female,6010 Miller Motorway,Kennethland,YO15 1TK,United Kingdom
47027829,Amanda,Curry,+44 7404 870 630,1981-09-08,amanda.curry@icloud.com,Unknown,8317 Tamara Hill,West Robertborough,L88 3UO,United Kingdom
82884693,Matthew,Strong,+44 7767 985 752,1972-04-16,matthew.strong@gmail.com,Unknown,84132 Houston Cliffs,Port Amandaland,SE29 3PO,United Kingdom
27883908,Lauren,Becker,+44 7168 381 852,1969-03-02,lauren.becker@outlook.com,Unknown,44266 Ashley Ridges,South Richard,M52 6AU,United Kingdom
35076716,Jill,Hinton,+44 7824 420 192,1998-09-16,jill.hinton@outlook.com,Female,77698 Laura Parks,Lake Adammouth,CF73 2JM,United Kingdom
60054881,Alexander,Luna,+44 7509 445 879,1979-02-22,alexander.luna@yahoo.com,Female,852 Thomas Ramp,New Lorimouth,SE69 0WO,United Kingdom
50009812,Elizabeth,Chapman,+44 7207 544 470,1995-04-21,elizabeth.chapman@gmail.com,Female,1894 Samantha Union,Patriciaview,NE37 2QU,United Kingdom
56820255,Jose,Walker,+44 7698 693 194,1982-10-15,jose.walker@yahoo.com,Female,18754 Kevin Dale,West Ryanbury,NW20 2NO,United Kingdom
11034021,Jill,Harper,+44 7918 209 390,1988-10-30,jill.harper@outlook.com,Female,13266 Campos Fort,North Mariahshire,L12 5RF,United Kingdom
24451242,Richard,Henson,+44 7643 202 163,1967-09-07,richard.henson@outlook.com,Male,803 Jennifer Hill,Sarahtown,NW60 7OP,United Kingdom
24489058,Jacob,Smith,+44 7930 151 659,2001-02-18,jacob.smith@hotmail.com,Female,8093 Edward Vista,North Brandonstad,CF23 2EO,United Kingdom
32524654,Elizabeth,Torres,+44 7150 489 524,1990-09-18,elizabeth.torres@yahoo.com,Female,37878 Williamson Light,Rhodesburgh,YO68 7ST,United Kingdom
50409510,Sherri,Chan,+44 7121 708 838,1967-10-10,sherri.chan@hotmail.com,Female,259 Stephanie Plaza,Tapiaborough,BT91 9YQ,United Kingdom
20326493,Tina,Morrison,+44 7133 744 370,1984-06-12,tina.morrison@yahoo.com,Female,0033 Martinez Square,West Joshua,NW63 0VD,United Kingdom
62320692,Nancy,James,+44 7425 647 259,1997-05-07,nancy.james@yahoo.com,Female,34667 Moore Stream,Gardnerberg,CF72 6OW,United Kingdom
14347492,Jeffrey,Grimes,+44 7921 995 869,2004-11-03,jeffrey.grimes@hotmail.com,Female,4411 Scott Shoal,Hectortown,WC84 9TO,United Kingdom
51367309,Stephanie,Olson,+44 7367 675 248,1974-09-19,stephanie.olson@yahoo.com,Unknown,9123 Fernandez Haven,Tonyabury,NE27 2MH,United Kingdom
39418575,Vanessa,Brown,+44 7479 373 588,1964-10-15,vanessa.brown@outlook.com,Unknown,49143 Robert Mountains,Grayfurt,SE95 4BD,United Kingdom
70138864,April,Shepherd,+44 7866 628 212,1985-03-17,april.shepherd@outlook.com,Female,841 Marcus Radial,East Stacieside,EH8 0EM,United Kingdom
90581438,Victoria,Hatfield,+44 7140 926 111,1991-06-18,victoria.hatfield@gmail.com,Female,03822 Ramirez Ports,Bergland,M71 0OW,United Kingdom
49507390,William,Fox,+44 7342 823 567,1984-09-02,william.fox@hotmail.com,Male,10869 Baker Street,East Tina,SE63 8ZT,United Kingdom
92223677,James,Mcdaniel,+44 7947 128 908,1994-12-24,james.mcdaniel@hotmail.com,Male,9822 Theresa Knoll,Hunterside,L33 3UA,United Kingdom
23821910,Paul,Anderson,+44 7866 563 412,1975-10-20,paul.anderson@hotmail.com,Unknown,7825 Brandon Ville,Bradleyburgh,W80 3WD,United Kingdom
22404032,Richard,Klein,+44 7903 848 351,1976-06-30,richard.klein@yahoo.com,Male,75777 Morgan Roads,West Danielbury,BT98 3CY,United Kingdom
66343671,Tammy,Reid,+44 7421 963 463,2004-07-31,tammy.reid@gmail.com,Female,797 John Summit,South Morgan,DE47 9KO,United Kingdom
17911931,Alexandra,Perez,+44 7340 992 913,1970-05-02,alexandra.perez@hotmail.com,Female,02395 Jones Ramp,West Arianafort,EH70 2ZT,United Kingdom
22995373,Jennifer,Roberts,+44 7721 497 317,1989-12-18,jennifer.roberts@gmail.com,Female,9912 Lewis Glen,New Rebecca,DE80 5WL,United Kingdom
80482420,Michelle,Flowers,+44 7317 123 298,2001-04-05,michelle.flowers@hotmail.com,Female,9963 Nichols Brook,Port Jeanne,DE47 4WH,United Kingdom
38836809,Dave,Trujillo,+44 7423 236 839,1988-04-22,dave.trujillo@hotmail.com,Female,0897 Burch Pike,East Amanda,SW89 7XN,United Kingdom
87411542,William,Potter,+44 7309 681 967,1992-03-08,william.potter@outlook.com,Male,9907 Melissa Locks,Wilsonville,CF82 0QR,United Kingdom
91457907,Margaret,Koch,+44 7796 450 731,1967-05-19,margaret.koch@outlook.com,Unknown,691 Robinson Roads,Andrewborough,BT22 2UA,United Kingdom
64178584,Michael,Ray,+44 7538 450 793,2002-02-02,michael.ray@gmail.com,Male,919 Matthew Valley,Hoganmouth,DE68 5DG,United Kingdom
92469153,Mark,Nguyen,+44 7939 925 784,1965-09-17,mark.nguyen@icloud.com,Unknown,5733 Stephanie Flat,South Elizabeth,WC7 7QM,United Kingdom
95635374,Connor,Thompson,+44 7210 689 572,1997-05-07,connor.thompson@gmail.com,Unknown,6708 Harris Summit,Dustinchester,WC71 3CF,United Kingdom
76582050,Jessica,Sanders,+44 7341 200 177,1970-02-27,jessica.sanders@yahoo.com,Female,29923 Patterson Hills,Lake Josephchester,SW12 1ZG,United Kingdom
65861763,Donald,Bradshaw,+44 7565 999 158,1965-01-15,donald.bradshaw@gmail.com,Female,1798 Bullock Lights,North Bryanshire,SE80 6AH,United Kingdom
94889953,Jasmine,Ferguson,+44 7923 960 116,1999-11-20,jasmine.ferguson@icloud.com,Female,541 Brown Springs,South Yolandaview,M75 2LI,United Kingdom
24146238,Tyler,Obrien,+44 7781 324 711,1975-01-11,tyler.obrien@icloud.com,Female,8559 Bradshaw Coves,Buckleyshire,SE8 7SI,United Kingdom
93031119,Lisa,Carson,+44 7792 286 896,2001-04-28,lisa.carson@icloud.com,Female,45628 Amanda Haven,Jordanside,SE90 1OH,United Kingdom
84073605,Leslie,Cox,+44 7625 446 658,1999-09-26,leslie.cox@icloud.com,Female,416 Rebecca Stravenue,Lake Andrewmouth,BT17 9DN,United Kingdom
31620299,Desiree,Rios,+44 7186 184 277,2001-03-29,desiree.rios@yahoo.com,Female,9964 Rodgers Avenue,North John,M89 2KF,United Kingdom
14896991,Paula,Haynes,+44 7531 142 537,1968-09-15,paula.haynes@icloud.com,Female,24215 Lopez Roads,New Trevor,WC99 8KA,United Kingdom
89620755,Kelly,Anderson,+44 7817 699 987,1990-10-28,kelly.anderson@hotmail.com,Female,710 Derrick Inlet,Lake Latoyaview,G25 2DF,United Kingdom
69050806,Lisa,Owens,+44 7759 129 395,1978-10-16,lisa.owens@yahoo.com,Female,857 Sullivan Via,Lake Yvonne,EH41 7QU,United Kingdom
41025470,Amber,Brown,+44 7950 118 293,1980-01-18,amber.brown@outlook.com,Unknown,9985 Rios Station,Lake Cynthia,BT95 7DQ,United Kingdom
93163824,Tanya,Allen,+44 7486 968 951,1976-10-11,tanya.allen@hotmail.com,Female,8634 Miranda Run,West Brittany,YO4 2ID,United Kingdom
45738761,Anna,Turner,+44 7129 867 733,1983-11-07,anna.turner@outlook.com,Female,0775 Powers Spring,South Erinview,G27 3XY,United Kingdom
46453285,Kathryn,Arnold,+44 7780 539 800,2002-11-19,kathryn.arnold@yahoo.com,Female,063 Bender Rue,East Brendaborough,M32 6WB,United Kingdom
18441215,Ashley,Thomas,+44 7224 131 620,1989-04-07,ashley.thomas@outlook.com,Unknown,459 Julie Land,Keithview,YO90 6TU,United Kingdom
45842237,George,Jarvis,+44 7899 624 969,2001-04-16,george.jarvis@hotmail.com,Unknown,89682 Denise Rapids,Wileybury,YO49 9ZG,United Kingdom
97298534,James,Park,+44 7686 831 239,1994-10-07,james.park@outlook.com,Male,5428 Stewart Rue,West Crystal,EH29 1HP,United Kingdom
95789703,Christopher,Jones,+44 7102 867 862,1997-03-05,christopher.jones@hotmail.com,Female,642 Johnson Pine,West Lauren,DE20 2RO,United Kingdom
65969409,Courtney,Powers,+44 7488 841 751,2003-04-01,courtney.powers@outlook.com,Female,5044 Pamela Pike,Mirandaport,NE29 3LC,United Kingdom
72261105,Jill,Deleon,+44 7632 764 314,1987-02-08,jill.deleon@icloud.com,Unknown,1453 Cooper Terrace,Marytown,DE13 3HK,United Kingdom
11241916,Dawn,Hernandez,+44 7921 979 419,2004-07-02,dawn.hernandez@yahoo.com,Unknown,903 Danny Hills,Port Cynthia,DE60 8ON,United Kingdom
43601023,Jane,Morris,+44 7317 395 899,1976-07-25,jane.morris@outlook.com,Unknown,7935 Thompson Hill,Thomasfurt,W49 7VY,United Kingdom
20671746,Jessica,Palmer,+44 7381 809 481,1965-07-31,jessica.palmer@gmail.com,Female,1987 Hill Park,West Nicoleside,L40 8VO,United Kingdom
15371943,Ann,Anderson,+44 7582 520 835,1969-06-08,ann.anderson@gmail.com,Unknown,943 Mary Park,Woodside,EH99 7GH,United Kingdom
58320021,Vickie,Richardson,+44 7963 947 413,1971-05-04,vickie.richardson@hotmail.com,Unknown,1451 Patel Street,North Jessica,CF10 2SD,United Kingdom
61285086,Andrea,Salinas,+44 7941 977 187,1995-03-11,andrea.salinas@gmail.com,Female,37142 Stephanie Plain,Port Allisonton,DE31 6KX,United Kingdom
66984409,Mark,Taylor,+44 7503 621 233,1987-05-16,mark.taylor@outlook.com,Unknown,1363 Andrew Pass,Johntown,CF68 7LI,United Kingdom
50054175,Roger,Martinez,+44 7587 214 124,2001-06-06,roger.martinez@yahoo.com,Unknown,6891 James Light,Michaelfurt,DE31 1IL,United Kingdom
85481264,Jill,Bush,+44 7261 784 542,2000-04-12,jill.bush@outlook.com,Female,5959 Billy Mission,West Michael,SW55 2CN,United Kingdom
78585909,Kelsey,Fitzgerald,+44 7907 812 980,1987-10-03,kelsey.fitzgerald@yahoo.com,Unknown,566 Russo Freeway,Kellybury,SW65 6OQ,United Kingdom
43809839,Laurie,Smith,+44 7259 193 413,1997-08-18,laurie.smith@gmail.com,Unknown,630 Moyer Turnpike,Lawrenceberg,WC11 4BN,United Kingdom
25728436,Kenneth,Jones,+44 7601 693 104,1997-07-16,kenneth.jones@outlook.com,Unknown,531 Tara Dale,East Carol,BT11 4SC,United Kingdom
35970692,Mary,Scott,+44 7442 754 654,1973-02-10,mary.scott@yahoo.com,Female,536 Hunter Drives,North Chelseafurt,EH16 2TB,United Kingdom
17816178,Jonathan,Bartlett,+44 7269 526 197,1994-05-13,jonathan.bartlett@outlook.com,Unknown,054 Thomas Crest,South Jonathan,NE26 4KC,United Kingdom
62608088,Todd,Allen,+44 7719 592 960,2002-10-31,todd.allen@icloud.com,Unknown,76111 Trevor Place,Austinmouth,G40 7NQ,United Kingdom
99319403,Jose,Johnson,+44 7615 574 162,1988-03-27,jose.johnson@outlook.com,Female,1110 Luke Spur,New Meghanfort,SE31 0CY,United Kingdom
63663306,Devin,Yu,+44 7192 868 338,1989-07-09,devin.yu@yahoo.com,Unknown,7229 Foster Greens,Schultzshire,YO87 3OE,United Kingdom
98891214,Jeffrey,Ramos,+44 7587 663 909,1990-05-13,jeffrey.ramos@hotmail.com,Female,749 James Points,Port Tammy,SW25 0UY,United Kingdom
26751603,Edward,Zimmerman,+44 7491 567 587,2001-03-09,edward.zimmerman@outlook.com,Unknown,5034 Johnson Islands,West Allison,NE92 1ZZ,United Kingdom
93451828,Susan,Pena,+44 7652 557 643,2001-11-22,susan.pena@outlook.com,Female,0488 Ryan Squares,West Danielleport,WC21 1IZ,United Kingdom
45675716,Samantha,Fletcher,+44 7287 934 904,1989-06-17,samantha.fletcher@hotmail.com,Female,9350 Andrew Inlet,Jonesland,YO42 4JJ,United Kingdom
72753369,Daniel,Wade,+44 7593 442 920,1978-03-22,daniel.wade@outlook.com,Female,27922 Munoz Oval,East Patrickville,WC16 8NI,United Kingdom
98342331,Sonya,Myers,+44 7377 852 962,1999-08-19,sonya.myers@outlook.com,Unknown,27228 Acosta Gardens,South Jessicaside,L62 0ZG,United Kingdom
87298440,Brian,Hodge,+44 7926 723 945,1971-01-18,brian.hodge@outlook.com,Unknown,1096 Williams Dale,Shahfort,EH83 8NN,United Kingdom
53827986,Amy,Hart,+44 7984 700 984,1997-08-04,amy.hart@icloud.com,Female,5130 Lane Manor,West Alexandraview,SE69 3MG,United Kingdom
51790067,Christopher,Smith,+44 7462 955 374,1975-10-05,christopher.smith@hotmail.com,Unknown,72385 Matthew Causeway,Rogershire,NW12 2TZ,United Kingdom
89610425,Carolyn,Schmidt,+44 7955 173 619,1969-01-10,carolyn.schmidt@icloud.com,Female,502 Eric Junction,Leeside,W50 2LV,United Kingdom
22682375,Cassandra,Smith,+44 7143 747 916,1973-06-13,cassandra.smith@gmail.com,Unknown,370 Reynolds Dale,Palmerland,W44 4HH,United Kingdom
67107556,Eric,Hurley,+44 7314 379 913,1990-07-14,eric.hurley@hotmail.com,Female,859 Wise Hollow,Richardmouth,G93 1PR,United Kingdom
48123506,Sharon,Santana,+44 7471 916 900,1989-05-18,sharon.santana@yahoo.com,Unknown,81817 Connie Locks,North Victor,WC89 8RR,United Kingdom
10469737,James,Brown,+44 7495 939 652,1966-08-06,james.brown@hotmail.com,Male,058 Rodriguez Ranch,East Natalie,NE19 9JW,United Kingdom
52986206,Renee,Vance,+44 7909 259 136,1985-10-22,renee.vance@outlook.com,Unknown,5212 Wilkins Hill,Powellmouth,WC10 6JG,United Kingdom
84864338,Linda,Patterson,+44 7402 211 577,1976-05-13,linda.patterson@hotmail.com,Female,758 Holland Fords,Port Gregoryville,M57 5PP,United Kingdom
51820152,Justin,Lewis,+44 7214 722 412,1992-01-03,justin.lewis@hotmail.com,Female,76252 Bennett Drive,Bethanychester,G2 2ON,United Kingdom
35663293,Stephanie,Blackwell,+44 7908 997 791,1991-07-18,stephanie.blackwell@yahoo.com,Unknown,22683 Michael Flats,Audreyville,SW97 6NH,United Kingdom
40550965,Amanda,Cordova,+44 7336 963 212,1995-05-04,amanda.cordova@outlook.com,Unknown,987 Juan Parkways,South Sarahberg,NE72 3OF,United Kingdom
81939344,Christina,Neal,+44 7132 157 287,2002-01-17,christina.neal@gmail.com,Female,874 Elizabeth Forge,East Heatherfurt,SW16 8WJ,United Kingdom
10687271,David,Deleon,+44 7567 105 549,2004-03-20,david.deleon@outlook.com,Male,1436 Horn Tunnel,Hendersonside,WC14 0HQ,United Kingdom
61119829,Scott,Jones,+44 7519 345 608,2001-04-11,scott.jones@yahoo.com,Unknown,81368 Massey Wells,Tarafort,CF27 0QS,United Kingdom
66870718,David,Ross,+44 7220 913 145,1996-08-18,david.ross@hotmail.com,Male,502 Marcus Forest,Lake Marissachester,BT18 2GR,United Kingdom
20695394,Jason,Rosario,+44 7777 447 624,1978-10-01,jason.rosario@icloud.com,Female,5563 Rice Port,Wesleyfort,DE51 7VC,United Kingdom
85682061,Monique,Harris,+44 7648 910 797,1985-06-08,monique.harris@gmail.com,Female,802 Laura Forges,Lake Jennifer,SE11 1JU,United Kingdom
65679461,Danielle,Smith,+44 7452 101 903,1990-12-01,danielle.smith@outlook.com,Female,82606 Jones Hollow,North Christina,M47 9LR,United Kingdom
16501119,Cassandra,Mercado,+44 7440 600 619,1988-08-28,cassandra.mercado@outlook.com,Unknown,937 Jennifer Prairie,West Heidistad,EH52 3KM,United Kingdom
59344598,Leah,Baker,+44 7783 407 154,1976-01-11,leah.baker@yahoo.com,Female,76845 Perez Corners,Lake Lisaburgh,EH23 9VF,United Kingdom
18744211,Renee,Smith,+44 7511 796 903,1984-01-13,renee.smith@hotmail.com,Female,01861 George Ramp,Ritterland,SW75 3UM,United Kingdom
89332625,Kathy,Nash,+44 7265 393 814,1976-09-23,kathy.nash@icloud.com,Unknown,2655 William Roads,Justinfurt,M83 4XP,United Kingdom
62563422,Steven,Dominguez,+44 7674 714 889,1965-04-04,steven.dominguez@yahoo.com,Female,7280 Mann Lodge,Lake Matthew,SE37 7NW,United Kingdom
22485397,Monique,Zimmerman,+44 7458 404 154,1983-09-06,monique.zimmerman@hotmail.com,Unknown,4871 Deanna Circles,Lake Davidhaven,WC14 9EP,United Kingdom
64610941,Cindy,Hines,+44 7749 968 682,1982-10-16,cindy.hines@gmail.com,Female,5620 Hicks Ville,Johnchester,G30 9PT,United Kingdom
88553564,Anthony,Johns,+44 7355 836 281,1971-11-12,anthony.johns@outlook.com,Female,05789 Fox Glens,Mckenzieport,G81 8HX,United Kingdom
52279601,Nathan,Rosales,+44 7225 655 636,1993-05-04,nathan.rosales@gmail.com,Unknown,5343 Obrien Row,South Barbaraberg,YO91 9SB,United Kingdom
32383792,Brittany,Olson,+44 7597 668 396,1980-06-04,brittany.olson@icloud.com,Unknown,061 Lucas Walk,Carolineborough,EH53 8PT,United Kingdom
62215589,Jeffrey,Ward,+44 7304 582 466,1995-10-07,jeffrey.ward@hotmail.com,Unknown,596 Williams Spurs,Justinbury,NE33 8NU,United Kingdom
87373753,Ronald,Brady,+44 7798 500 941,1980-09-03,ronald.brady@gmail.com,Female,762 Sherri Spur,Jamesborough,EH75 6CT,United Kingdom
23398080,Jane,Robinson,+44 7948 420 818,1986-05-23,jane.robinson@yahoo.com,Unknown,90488 Dana Route,Wendyton,L96 6KR,United Kingdom
70311265,Timothy,Sanders,+44 7682 162 863,1989-01-30,timothy.sanders@yahoo.com,Female,9082 Timothy Spurs,Port Josephland,M6 7WS,United Kingdom
59599626,Cynthia,Russell,+44 7630 834 140,1985-05-14,cynthia.russell@icloud.com,Female,82074 Scott Fields,Bradborough,EH71 6DH,United Kingdom
62765790,Jose,Walker,+44 7664 755 483,1975-04-08,jose.walker@icloud.com,Unknown,76140 Kendra Haven,West Jessicabury,G31 7UK,United Kingdom
60231770,Debbie,Diaz,+44 7313 143 250,2001-07-17,debbie.diaz@icloud.com,Unknown,7164 Jonathan Locks,North Kevinview,DE4 8VX,United Kingdom
94163682,Alice,Doyle,+44 7909 166 933,1993-09-22,alice.doyle@icloud.com,Unknown,1397 James Fork,South Mitchellchester,L84 7FS,United Kingdom
46081383,Jeffery,Washington,+44 7918 888 108,1987-06-12,jeffery.washington@icloud.com,Unknown,524 Case Stream,Donaldbury,DE93 4HK,United Kingdom
16103248,Alexis,Bell,+44 7824 837 257,1987-11-07,alexis.bell@gmail.com,Female,83799 Alicia Gateway,New Leahbury,AB90 8ZR,United Kingdom
42906635,Cynthia,Hernandez,+44 7651 217 539,1971-05-27,cynthia.hernandez@gmail.com,Female,17231 Bell Harbors,Christopherstad,AB92 7AA,United Kingdom
70705874,Patrick,Butler,+44 7952 235 643,1995-05-22,patrick.butler@outlook.com,Female,01108 Jose Stream,West Lee,EH87 0PK,United Kingdom
76199727,Amanda,Brown,+44 7450 589 689,1998-08-27,amanda.brown@outlook.com,Female,407 Kevin Inlet,Boydhaven,SW63 8BG,United Kingdom
48578299,Michael,Jones,+44 7302 503 309,1996-02-25,michael.jones@icloud.com,Male,457 Green Meadows,South Matthew,G45 8QD,United Kingdom
30563516,Crystal,Cole,+44 7798 163 141,2003-10-29,crystal.cole@icloud.com,Female,39218 Tyler Passage,West Lawrence,DE63 1TO,United Kingdom
22826039,Jacqueline,Caldwell,+44 7585 463 335,1986-02-21,jacqueline.caldwell@icloud.com,Female,524 Chase Track,Richardland,L42 5DF,United Kingdom
27040842,Cody,Jones,+44 7927 241 882,1987-05-29,cody.jones@icloud.com,Female,23227 Richard Roads,North Michelleton,L5 6XW,United Kingdom
19628184,Phillip,Parker,+44 7479 628 437,1995-08-26,phillip.parker@outlook.com,Unknown,6470 Ramirez Trafficway,North Stephen,NE92 4IY,United Kingdom
55062945,Sharon,Oconnell,+44 7189 896 791,2001-09-03,sharon.oconnell@hotmail.com,Female,01484 Cuevas Spur,West Derekburgh,AB28 5YX,United Kingdom
55925595,Stephanie,Odonnell,+44 7150 397 330,1985-04-11,stephanie.odonnell@hotmail.com,Unknown,27981 Barker Mountains,Whiteville,WC83 2AX,United Kingdom
37416342,Kathleen,Price,+44 7598 130 465,1981-01-22,kathleen.price@outlook.com,Female,3108 Meyer Island,Walshshire,WC98 9JJ,United Kingdom
65186477,Robin,Burns,+44 7450 826 363,2000-09-01,robin.burns@yahoo.com,Unknown,921 Tate Village,New Clifford,NE72 3ED,United Kingdom
72058864,Emily,Williams,+44 7341 466 154,2001-02-21,emily.williams@icloud.com,Female,0061 Martinez Trail,Port Toddmouth,G65 3ZC,United Kingdom
15650216,Matthew,Jones,+44 7146 877 864,2002-09-28,matthew.jones@icloud.com,Female,866 Kenneth Port,Emilyburgh,G93 9PO,United Kingdom
42346890,Jose,Higgins,+44 7587 849 993,1980-09-22,jose.higgins@hotmail.com,Female,0653 Matthew Knolls,Susanberg,NE36 3LU,United Kingdom
15581914,Melissa,Buck,+44 7648 368 665,1971-05-09,melissa.buck@icloud.com,Unknown,059 Jennifer Ramp,South Michael,NE80 7PE,United Kingdom
37797134,Sara,Mercado,+44 7627 851 162,1991-01-31,sara.mercado@icloud.com,Female,3482 Dale Square,New Andrea,SW78 1QA,United Kingdom
22573179,Zachary,Diaz,+44 7693 926 978,1988-04-30,zachary.diaz@outlook.com,Female,14588 Joshua Curve,Kennethland,W8 1MF,United Kingdom
46348150,Nicole,Hall,+44 7183 616 717,1976-03-03,nicole.hall@hotmail.com,Female,529 Ruiz Circles,Joyceville,CF42 2BK,United Kingdom
20783395,Dorothy,Erickson,+44 7726 654 727,2004-01-21,dorothy.erickson@icloud.com,Female,3228 Heather Key,South Dustinborough,M23 0VZ,United Kingdom
23140139,Cindy,Murphy,+44 7516 686 722,1997-06-15,cindy.murphy@outlook.com,Female,755 Kim Lake,Johnsontown,EH24 0ZT,United Kingdom
92768230,Robert,Smith,+44 7275 669 815,2002-10-17,robert.smith@icloud.com,Male,72179 Kelsey Shoals,Seanchester,W62 6JJ,United Kingdom
21856739,Mark,Goodwin,+44 7803 184 528,2002-04-04,mark.goodwin@hotmail.com,Female,13025 Derrick Fork,Brookeside,NW86 7DA,United Kingdom
91997462,Glenda,Campbell,+44 7607 211 534,2000-02-19,glenda.campbell@yahoo.com,Female,327 Kerr Cove,South Theresa,SE70 9DW,United Kingdom
13632737,Deborah,Vega,+44 7185 576 309,1999-12-05,deborah.vega@gmail.com,Unknown,24489 Benson Neck,West Keithmouth,AB24 8WG,United Kingdom
74867602,Pamela,Campbell,+44 7397 261 602,1968-01-26,pamela.campbell@outlook.com,Female,61772 Hall Camp,Daltonport,AB92 5VO,United Kingdom
15280882,Emily,Mitchell,+44 7151 606 267,1996-10-15,emily.mitchell@gmail.com,Female,7127 Smith Oval,Branchview,EH91 7ZO,United Kingdom
41340726,James,Little,+44 7105 793 192,1995-12-15,james.little@gmail.com,Male,513 Fletcher Keys,South Chaseshire,NE17 9PV,United Kingdom
64411529,Kyle,Ortega,+44 7121 398 328,1985-01-08,kyle.ortega@outlook.com,Female,80898 Green Inlet,South John,EH53 7RS,United Kingdom
40638794,Meagan,Sanchez,+44 7873 950 947,1992-08-10,meagan.sanchez@icloud.com,Unknown,32684 Ho Keys,Kevinbury,W68 3DJ,United Kingdom
95603671,Ernest,Delacruz,+44 7759 902 739,2001-04-09,ernest.delacruz@yahoo.com,Unknown,4884 Arias Neck,North Richardchester,W94 5HO,United Kingdom
78419881,Jamie,Wilson,+44 7515 698 843,2001-10-18,jamie.wilson@icloud.com,Female,884 Jerry Glens,North Erin,G8 4SS,United Kingdom
41533364,Sierra,Bailey,+44 7115 373 445,1997-02-04,sierra.bailey@yahoo.com,Unknown,6825 Patrick Land,Ambertown,EH52 6WN,United Kingdom
63616621,Catherine,Hubbard,+44 7504 841 700,1995-12-07,catherine.hubbard@gmail.com,Unknown,04444 Tyler Parks,Davidfurt,BT22 1LD,United Kingdom
90454794,Jeanette,Smith,+44 7828 214 152,1998-01-05,jeanette.smith@yahoo.com,Unknown,251 Garcia Road,Lake Jamietown,EH85 8XF,United Kingdom
26183689,Sarah,Garcia,+44 7705 192 475,1977-11-09,sarah.garcia@icloud.com,Female,12304 Thomas Inlet,Mitchellmouth,NW36 1YR,United Kingdom
63711420,Joshua,Baker,+44 7546 866 635,2003-04-25,joshua.baker@yahoo.com,Female,816 Miguel Flat,Port Kathrynburgh,YO63 0BC,United Kingdom
79287861,Mark,Rodriguez,+44 7793 724 784,1992-03-12,mark.rodriguez@icloud.com,Female,82498 Franco Ville,Stevenborough,WC31 9IG,United Kingdom
49674090,Martin,Sanchez,+44 7129 170 758,1987-07-07,martin.sanchez@gmail.com,Female,66192 Michael Canyon,Laneville,SW24 0LT,United Kingdom
88346785,Anthony,Smith,+44 7803 396 284,1983-09-14,anthony.smith@hotmail.com,Unknown,6989 Simon Mount,New Kristin,G73 0IK,United Kingdom
26916721,Allison,Bullock,+44 7956 333 724,1969-02-26,allison.bullock@outlook.com,Unknown,56717 Shelton Parks,North Jeffrey,M57 8ZN,United Kingdom
59585113,Rachel,Lowe,+44 7487 534 605,1995-08-24,rachel.lowe@icloud.com,Female,82374 Wright Lodge,North Dannyport,SW86 1RY,United Kingdom
34844873,Dillon,Jones,+44 7262 846 767,1980-11-28,dillon.jones@outlook.com,Unknown,31981 Olson Divide,Gracemouth,CF66 2MF,United Kingdom
99384873,Kenneth,Massey,+44 7129 931 670,2004-03-11,kenneth.massey@hotmail.com,Female,35549 Cameron Harbor,South Claire,EH57 5WL,United Kingdom
71484482,Teresa,Stone,+44 7435 624 138,1992-11-03,teresa.stone@yahoo.com,Unknown,56731 Williams Plain,West Michael,YO39 6KJ,United Kingdom
20452518,Michelle,Franklin,+44 7610 579 618,1994-05-02,michelle.franklin@outlook.com,Female,878 Hodges Divide,Smithshire,W55 8BP,United Kingdom
78861289,Stephanie,Sosa,+44 7569 964 131,1991-04-17,stephanie.sosa@gmail.com,Unknown,0186 Cherry Dale,East Christina,EH80 7XN,United Kingdom
73287313,Lindsey,Joyce,+44 7119 185 492,1982-01-30,lindsey.joyce@hotmail.com,Unknown,93473 Ashley Light,Garyton,EH10 5RW,United Kingdom
80396084,Zoe,Clements,+44 7636 866 360,1997-12-21,zoe.clements@hotmail.com,Unknown,895 Michelle Ridge,Barnesside,W82 1XF,United Kingdom
34467229,Susan,Murphy,+44 7832 860 388,1991-02-08,susan.murphy@yahoo.com,Female,30227 Nicole Flats,Aaronstad,SW90 4IP,United Kingdom
88021229,Jessica,Adams,+44 7236 972 292,1994-06-20,jessica.adams@hotmail.com,Female,27775 Ashley Rapids,Sophiaburgh,SE75 9LD,United Kingdom
58410433,Christina,Harrington,+44 7780 385 698,2002-08-01,christina.harrington@yahoo.com,Female,848 Jay Meadows,Port Dalefort,SW12 3LY,United Kingdom
45731662,Jennifer,Novak,+44 7160 977 903,1995-07-26,jennifer.novak@yahoo.com,Female,0674 William Plaza,South Erikashire,DE77 5BI,United Kingdom
74993342,Michelle,Ross,+44 7364 635 685,1990-11-29,michelle.ross@icloud.com,Female,447 Nancy Lights,Jonathanton,DE54 3GJ,United Kingdom
37088191,Christopher,Armstrong,+44 7142 461 687,1995-10-17,christopher.armstrong@icloud.com,Unknown,7395 Brown Bypass,Rosalesburgh,AB32 4IP,United Kingdom
46485946,Brittney,Burke,+44 7660 410 230,1984-09-27,brittney.burke@outlook.com,Unknown,92708 James Valleys,Port Kenneth,AB68 1BG,United Kingdom
17205978,Andrew,Phelps,+44 7602 774 186,1986-01-30,andrew.phelps@outlook.com,Female,468 Caleb Parkway,Gomezburgh,YO48 0KW,United Kingdom
51147113,Jacqueline,Gates,+44 7687 568 814,2002-10-01,jacqueline.gates@gmail.com,Female,40651 Natasha Roads,Dudleychester,G82 4LU,United Kingdom
57001225,Ryan,Warren,+44 7941 109 517,1995-10-25,ryan.warren@icloud.com,Unknown,0795 Alvarez Spurs,Lake Amy,BT77 9QH,United Kingdom
15363792,George,Wiggins,+44 7202 382 841,1994-05-10,george.wiggins@yahoo.com,Female,84399 Parrish Harbor,Ashleyfurt,NW53 5DM,United Kingdom
19398715,Heather,Davis,+44 7871 406 908,1993-04-04,heather.davis@outlook.com,Female,700 Gutierrez Shoals,Randallview,G45 0JC,United Kingdom
33873516,Brittany,Hinton,+44 7610 685 260,2002-09-28,brittany.hinton@hotmail.com,Female,97541 Berry Route,Hensonchester,M71 0WA,United Kingdom
44533807,Tina,Duncan,+44 7655 266 853,1977-06-16,tina.duncan@outlook.com,Female,1938 Thomas Wall,West Susan,M56 1BO,United Kingdom
91954839,Megan,Norton,+44 7873 856 607,1985-07-14,megan.norton@gmail.com,Unknown,2338 Burns Cliff,West Melissa,NE37 4UH,United Kingdom
81187565,Candace,Johnson,+44 7209 666 602,1981-11-01,candace.johnson@outlook.com,Female,423 Ronald Pines,Lake Brendamouth,WC37 6DS,United Kingdom
86426946,Evan,Gonzalez,+44 7810 381 462,1988-04-18,evan.gonzalez@outlook.com,Unknown,5427 Wheeler Burg,North Lindamouth,DE93 2TI,United Kingdom
56610629,Aaron,Stout,+44 7221 909 811,1972-09-16,aaron.stout@yahoo.com,Unknown,46060 Michelle View,Haleyfort,EH52 4VO,United Kingdom
63891509,Dylan,Nichols,+44 7317 936 815,1985-04-23,dylan.nichols@outlook.com,Female,495 Christian Divide,Port Ashleyfort,G62 7QM,United Kingdom
63938805,Lisa,Hernandez,+44 7449 701 685,1997-12-21,lisa.hernandez@hotmail.com,Unknown,0800 Rivera Mount,Calvinside,CF63 5VX,United Kingdom
25146498,Lauren,Everett,+44 7208 705 548,2004-03-11,lauren.everett@icloud.com,Unknown,45949 Solomon Overpass,Stevensonland,WC69 4LK,United Kingdom
62958669,Patrick,Avila,+44 7982 745 992,1994-09-22,patrick.avila@icloud.com,Unknown,0409 Dennis Mission,New Deborahtown,WC98 4YO,United Kingdom
43232358,Brenda,Knight,+44 7807 434 898,2003-01-29,brenda.knight@icloud.com,Female,02096 Clayton Crossroad,South Christopher,SW41 3AN,United Kingdom
78372060,Diana,Chen,+44 7540 458 577,1972-12-21,diana.chen@yahoo.com,Female,25142 Evans Road,Judymouth,M23 7OR,United Kingdom
21205246,Daniel,Craig,+44 7744 608 912,1987-09-12,daniel.craig@outlook.com,Unknown,88768 Matthew Village,Jeanton,SE72 8JM,United Kingdom
25596761,Alexis,Ellis,+44 7659 718 249,1973-02-16,alexis.ellis@yahoo.com,Female,0694 Smith Drive,North Andrew,NW51 2HH,United Kingdom
32212264,Stanley,Stokes,+44 7493 410 223,1972-07-08,stanley.stokes@hotmail.com,Female,5489 Wilson Lights,Timothybury,CF34 9GG,United Kingdom
67259829,Michael,Delgado,+44 7781 423 727,1983-08-14,michael.delgado@yahoo.com,Male,79996 Robert Center,Reidborough,AB74 1AU,United Kingdom
84777014,Robert,King,+44 7894 896 410,1992-10-09,robert.king@outlook.com,Male,868 Maria Plains,East Charles,M21 2MX,United Kingdom
77469599,Samantha,Martinez,+44 7188 130 605,1985-11-15,samantha.martinez@yahoo.com,Unknown,393 John Parkway,East Jacobstad,W65 1YZ,United Kingdom
83568856,Kara,Mercer,+44 7937 821 967,1986-06-08,kara.mercer@icloud.com,Unknown,36606 Ross Junction,West Taylor,W69 7YZ,United Kingdom
31333044,Katherine,Nielsen,+44 7651 773 166,1991-06-04,katherine.nielsen@hotmail.com,Unknown,8974 Carrie Forges,Leblancburgh,G86 5BP,United Kingdom
49763572,Isaiah,Hinton,+44 7683 738 317,1997-05-13,isaiah.hinton@icloud.com,Unknown,04243 Hernandez Points,Antonioview,SE86 5DQ,United Kingdom
69826861,Lance,Gilbert,+44 7876 358 827,1998-05-03,lance.gilbert@icloud.com,Female,628 Jeanette Way,East Annette,SW26 1EQ,United Kingdom
67629155,Janet,Long,+44 7918 467 624,1999-07-28,janet.long@yahoo.com,Unknown,318 Jessica Summit,New Marilyn,EH36 1NE,United Kingdom
69858834,Robin,Foster,+44 7299 513 449,1995-12-02,robin.foster@gmail.com,Unknown,61059 Christine Cliff,Coxberg,G97 4LN,United Kingdom
72343646,Jeffery,Coleman,+44 7862 628 880,1966-06-20,jeffery.coleman@outlook.com,Female,824 Thomas Canyon,Jefferyhaven,SE51 4UU,United Kingdom
78806638,Javier,Anderson,+44 7811 383 518,1985-07-14,javier.anderson@gmail.com,Female,2557 Yvonne Skyway,New Michelle,WC43 9GK,United Kingdom
32198857,Shari,Ferrell,+44 7388 649 405,1980-02-27,shari.ferrell@gmail.com,Unknown,446 Stephanie Meadows,Lake Heatherton,WC26 5OV,United Kingdom
35889118,Randall,Morgan,+44 7432 183 231,2003-03-20,randall.morgan@icloud.com,Female,32922 Kyle Row,Garciamouth,L41 2YL,United Kingdom
89152558,Juan,Montgomery,+44 7221 435 404,1991-04-20,juan.montgomery@outlook.com,Unknown,6919 Tucker Well,Michelleland,G69 3ME,United Kingdom
85995120,Joshua,Garcia,+44 7451 376 411,1987-05-28,joshua.garcia@gmail.com,Female,302 Walton Hills,West Vickieland,EH44 3TO,United Kingdom
97180849,Michele,Caldwell,+44 7102 642 438,1974-12-17,michele.caldwell@yahoo.com,Female,387 Michael Drive,Port Kathy,SW11 8GF,United Kingdom
86796043,Troy,Byrd,+44 7322 208 560,1970-11-26,troy.byrd@outlook.com,Unknown,85115 Pham Landing,Richardsonfurt,L4 7ZO,United Kingdom
68121082,Samantha,Curry,+44 7228 773 587,1985-01-18,samantha.curry@hotmail.com,Unknown,348 Lee Junction,West Martin,L81 9OQ,United Kingdom
94042217,Sarah,Scott,+44 7511 428 997,1997-12-14,sarah.scott@outlook.com,Female,64507 Anthony Brook,East Danielberg,W63 4QV,United Kingdom
97949374,Amanda,Lopez,+44 7171 877 884,1991-10-28,amanda.lopez@icloud.com,Female,2732 Hanson Hills,Port Susanfurt,YO10 6HP,United Kingdom
97158855,Katherine,Gill,+44 7861 426 885,1999-01-07,katherine.gill@icloud.com,Female,30429 Amanda Crest,Christyton,SW30 2FD,United Kingdom
89056851,Keith,Coleman,+44 7513 286 263,1966-02-02,keith.coleman@icloud.com,Unknown,456 Garza Shore,North Lauren,AB74 7UU,United Kingdom
43681492,Eric,Wilson,+44 7436 670 937,1985-10-21,eric.wilson@hotmail.com,Female,0131 Bryan Row,Maryton,G72 8XY,United Kingdom
35104402,Michelle,Anderson,+44 7526 635 774,1983-10-16,michelle.anderson@outlook.com,Unknown,547 Black Corner,West Nicole,SW42 5HW,United Kingdom
31337005,Haley,Kennedy,+44 7444 955 469,1992-11-24,haley.kennedy@gmail.com,Female,0252 Frank Viaduct,Taylorside,YO50 7EN,United Kingdom
48609013,Meghan,Marshall,+44 7478 836 121,1991-07-08,meghan.marshall@hotmail.com,Female,02186 Harrison Keys,South Jerry,EH33 8ID,United Kingdom
55664628,Russell,Medina,+44 7558 655 431,1996-09-01,russell.medina@hotmail.com,Female,473 Dawn Alley,Port Ryan,WC51 4UI,United Kingdom
75252363,Benjamin,Harrison,+44 7332 448 856,1968-03-10,benjamin.harrison@gmail.com,Unknown,833 Diaz Harbor,Debraton,CF75 9KP,United Kingdom
31344591,Christopher,Jackson,+44 7101 388 266,1967-03-11,christopher.jackson@gmail.com,Female,8900 Erin Camp,West Joanport,WC43 2MF,United Kingdom
21910677,Robert,Burke,+44 7244 561 278,1987-01-29,robert.burke@gmail.com,Male,9342 Meyers Plaza,New Robert,W68 4ZU,United Kingdom
32561128,Amy,Armstrong,+44 7150 910 964,1991-01-12,amy.armstrong@gmail.com,Female,0552 Murray Run,Port Krystal,BT62 1VU,United Kingdom
36789380,Tara,Smith,+44 7789 280 898,2003-10-07,tara.smith@icloud.com,Female,6903 David Forges,Williamshire,BT40 1MA,United Kingdom
32245056,Craig,Gomez,+44 7780 286 835,1981-10-17,craig.gomez@hotmail.com,Unknown,4726 Franklin Park,Davisland,BT45 9MS,United Kingdom
12512015,Erik,Stephenson,+44 7701 778 972,1990-03-04,erik.stephenson@outlook.com,Female,65851 Kelly Ferry,Dunnborough,L51 1OV,United Kingdom
35607652,Anthony,Johnson,+44 7489 707 938,2004-11-25,anthony.johnson@gmail.com,Female,3158 Vazquez Street,Garyport,CF7 6OH,United Kingdom
20974307,Samantha,Johnson,+44 7411 584 989,1987-05-22,samantha.johnson@gmail.com,Female,65718 Cole Fords,Suzannetown,CF15 8VG,United Kingdom
16524594,Andrea,Robbins,+44 7621 993 392,1994-11-25,andrea.robbins@yahoo.com,Unknown,355 Jorge Lodge,Englishton,EH49 5CD,United Kingdom
86057911,Destiny,Gillespie,+44 7121 313 566,2004-04-10,destiny.gillespie@icloud.com,Unknown,16918 Rice Shoals,Port Samuel,G71 6NL,United Kingdom
62608340,Laura,White,+44 7661 929 426,1988-05-06,laura.white@gmail.com,Female,949 Mcgee Stream,Port Sean,W25 7ME,United Kingdom
90487775,Richard,Boyd,+44 7616 761 555,1969-03-15,richard.boyd@yahoo.com,Male,480 Sheila Crest,Shawnton,SE9 3YE,United Kingdom
82908952,Jason,Liu,+44 7222 731 389,2004-12-11,jason.liu@hotmail.com,Unknown,2716 Smith Streets,North Nancy,NE29 9KU,United Kingdom
95976014,Lucas,Barrera,+44 7821 325 325,1989-08-07,lucas.barrera@yahoo.com,Unknown,988 Brittany Crossroad,Lake David,SE66 3TX,United Kingdom
54545262,Jared,Williams,+44 7245 287 607,1996-08-06,jared.williams@yahoo.com,Female,49093 Gonzalez Manors,Brandichester,EH47 6KG,United Kingdom
58618318,Jamie,Johnson,+44 7723 539 536,1998-08-16,jamie.johnson@outlook.com,Unknown,397 Holland Mission,East Matthew,DE94 4NC,United Kingdom
87232636,Michael,Howard,+44 7513 453 119,1990-09-07,michael.howard@hotmail.com,Male,419 Alvarado Ridge,Warnerton,EH21 2XH,United Kingdom
60593300,Matthew,Barnes,+44 7502 391 367,1990-12-26,matthew.barnes@outlook.com,Unknown,026 Moore Meadows,Candicefurt,W82 5WP,United Kingdom
26524098,Lawrence,Sutton,+44 7326 232 757,1970-03-29,lawrence.sutton@outlook.com,Unknown,134 David Groves,New John,AB26 1PI,United Kingdom
70030116,Jonathan,Vasquez,+44 7510 248 655,1964-04-20,jonathan.vasquez@icloud.com,Female,333 Garcia Haven,Port Mark,NW39 9RA,United Kingdom
50716597,William,Cunningham,+44 7481 778 915,1989-02-23,william.cunningham@hotmail.com,Male,4610 Wilcox Greens,Berryfurt,SE5 6RI,United Kingdom
85048134,Monique,Harris,+44 7459 435 583,2004-03-29,monique.harris@icloud.com,Female,3939 Ronald Forks,Paulview,EH54 0VD,United Kingdom
52014379,Patrick,Romero,+44 7977 274 826,2001-10-29,patrick.romero@hotmail.com,Female,3863 Ortega Forges,Christophershire,NW85 6WD,United Kingdom
21731129,Christopher,Moore,+44 7296 739 360,2002-01-23,christopher.moore@yahoo.com,Female,86064 Timothy Square,West Timothymouth,L27 6WH,United Kingdom
94223616,Stacey,Hart,+44 7911 942 785,1970-06-29,stacey.hart@outlook.com,Unknown,4665 Young Ridge,Davisberg,YO22 3DV,United Kingdom
99775679,Terrence,Frazier,+44 7968 536 423,1989-11-15,terrence.frazier@icloud.com,Unknown,829 Stephanie Falls,Woodardside,YO81 1OE,United Kingdom
48626068,Brian,Nelson,+44 7340 897 574,1984-08-09,brian.nelson@hotmail.com,Unknown,69940 Williams Inlet,Juliestad,DE38 5MY,United Kingdom
77705023,Tracy,Mitchell,+44 7292 784 767,1986-09-05,tracy.mitchell@gmail.com,Unknown,2718 Austin Meadows,Wattsville,YO48 6QR,United Kingdom
14767701,Gregory,Phillips,+44 7249 184 669,2000-08-19,gregory.phillips@outlook.com,Female,69571 Melissa Club,Kellyside,EH51 2MA,United Kingdom
51662027,Jill,Hayes,+44 7896 640 988,1990-05-21,jill.hayes@icloud.com,Unknown,57529 Long Ville,South Michaelstad,YO87 8PY,United Kingdom
36694481,Charles,Escobar,+44 7463 330 864,1978-08-19,charles.escobar@outlook.com,Female,81406 David Terrace,New Debbieville,WC69 6OJ,United Kingdom
40570791,Jenna,Brown,+44 7461 226 125,1971-07-30,jenna.brown@gmail.com,Unknown,051 Christopher Mountain,Grahamfurt,YO60 3BJ,United Kingdom
96375675,Sean,Benson,+44 7437 312 289,1969-08-29,sean.benson@icloud.com,Male,73535 Gross Loaf,Marshallhaven,CF43 1LO,United Kingdom
63488527,Jimmy,Owens,+44 7440 529 665,1992-06-04,jimmy.owens@yahoo.com,Unknown,27009 Smith Ford,East Williamfurt,NE44 7XL,United Kingdom
56017884,Valerie,Lewis,+44 7563 786 357,2004-10-02,valerie.lewis@gmail.com,Unknown,83915 Ray Extensions,Josephside,L67 5AX,United Kingdom
59627058,Kelly,Bryant,+44 7770 918 393,1983-10-12,kelly.bryant@yahoo.com,Female,94146 Alison Crest,Victorside,L40 0EK,United Kingdom
56586696,Cindy,Hayes,+44 7361 394 922,1976-11-18,cindy.hayes@hotmail.com,Unknown,1312 Stephanie Stream,Lake Arthur,SE78 2RR,United Kingdom
94087406,Dawn,Mckinney,+44 7559 497 526,1993-12-25,dawn.mckinney@gmail.com,Female,4697 Makayla Roads,Kimberlystad,W98 0QL,United Kingdom
74588960,Andrea,Harris,+44 7389 122 669,1968-04-24,andrea.harris@outlook.com,Unknown,069 Green Ford,Lake Juanville,BT52 4FK,United Kingdom
26433890,Christian,Walker,+44 7364 393 306,1966-04-16,christian.walker@yahoo.com,Female,56018 Young Stravenue,Lake Jamieview,NE21 3EV,United Kingdom
39777057,Brian,Flores,+44 7784 880 784,1999-02-04,brian.flores@gmail.com,Unknown,926 Lane Path,Port Donna,SW17 9KL,United Kingdom
21703910,Chris,Avila,+44 7606 751 884,1969-12-13,chris.avila@outlook.com,Unknown,1871 Joshua Trace,Lake Laura,DE30 9XX,United Kingdom
49254256,Lori,Hudson,+44 7453 992 862,1979-07-27,lori.hudson@hotmail.com,Unknown,9639 Nicole Light,Barryborough,YO66 2II,United Kingdom
44427873,Tracy,Livingston,+44 7938 242 531,2002-04-30,tracy.livingston@gmail.com,Female,8381 Lori Estate,South Stevenbury,DE67 1TQ,United Kingdom
63588085,Jacob,Anderson,+44 7454 182 561,1996-05-28,jacob.anderson@yahoo.com,Unknown,533 Ramirez Mill,South Kennethville,L89 7CS,United Kingdom
50940926,Thomas,Garza,+44 7379 546 509,1986-02-23,thomas.garza@outlook.com,Unknown,0582 Gray Islands,Kaufmanside,SW78 1YB,United Kingdom
52388655,Theodore,Logan,+44 7176 353 343,1965-04-20,theodore.logan@hotmail.com,Female,07836 Johnson Radial,Bradfordside,CF91 4MW,United Kingdom
56647020,David,Rojas,+44 7730 327 283,1972-03-23,david.rojas@outlook.com,Male,761 David Square,South Kimberly,CF93 7KC,United Kingdom
12778445,Sandra,Miller,+44 7454 166 518,1971-04-16,sandra.miller@yahoo.com,Female,5591 Jessica Squares,North Dustin,YO3 5BS,United Kingdom
50387005,Kelly,Simmons,+44 7687 442 887,1988-06-09,kelly.simmons@icloud.com,Female,698 Edwards Shoals,North Joseph,G8 0CP,United Kingdom
90224854,Tammy,Jones,+44 7323 808 980,1985-03-05,tammy.jones@yahoo.com,Unknown,17698 Annette Turnpike,Lake Steven,DE36 6RG,United Kingdom
96785851,Christopher,Calhoun,+44 7270 582 607,2004-12-26,christopher.calhoun@icloud.com,Female,72174 James Keys,Kellyfurt,SE92 1DX,United Kingdom
98293343,Benjamin,Wright,+44 7208 675 407,2003-02-13,benjamin.wright@icloud.com,Female,89321 Carol Road,New Crystal,SW18 9NK,United Kingdom
85835298,Jennifer,Sullivan,+44 7361 210 129,1985-11-18,jennifer.sullivan@gmail.com,Female,656 Williams Camp,Ashleyfurt,SW55 2BQ,United Kingdom
22822948,Brittney,Jefferson,+44 7722 600 881,1994-09-27,brittney.jefferson@gmail.com,Unknown,844 Janice Mission,Davidtown,WC96 1SU,United Kingdom
64965520,James,Ramsey,+44 7641 563 503,1986-08-05,james.ramsey@hotmail.com,Male,8474 Marshall Haven,Fowlerfurt,SE50 5JQ,United Kingdom
71156272,Tyler,Anderson,+44 7775 734 169,1986-09-25,tyler.anderson@hotmail.com,Female,02256 Short Fort,New Raymondland,M64 1VY,United Kingdom
83951399,Laura,Garcia,+44 7966 275 660,1977-02-18,laura.garcia@outlook.com,Female,72664 Cherry Locks,Stewartberg,WC61 4LI,United Kingdom
41957499,Peter,Nelson,+44 7312 601 154,1986-06-24,peter.nelson@hotmail.com,Female,294 Luna Valleys,New Amyville,M74 5IA,United Kingdom
65720609,Anna,Johnson,+44 7141 296 817,1988-06-01,anna.johnson@hotmail.com,Unknown,9813 Garcia Crossroad,Williamborough,W78 9CL,United Kingdom
55170207,Troy,Saunders,+44 7756 258 858,1993-01-19,troy.saunders@icloud.com,Female,44591 Makayla Stream,Butlerfurt,WC22 1MX,United Kingdom
18907068,Bradley,Rivas,+44 7486 876 384,1995-01-02,bradley.rivas@gmail.com,Female,0678 Garza Mission,West Gabrielside,W55 9PV,United Kingdom
38230615,Theresa,Lopez,+44 7825 185 917,1995-10-25,theresa.lopez@yahoo.com,Unknown,8908 Jennifer Cape,Kennethside,SE15 7MX,United Kingdom
64998280,Vincent,Thomas,+44 7502 424 350,1993-08-12,vincent.thomas@yahoo.com,Female,92098 Robert Via,East Melissashire,M15 9YZ,United Kingdom
85560573,Kara,Bryant,+44 7427 110 859,1982-06-04,kara.bryant@yahoo.com,Unknown,076 Ramirez Vista,Gilbertfurt,G3 8CZ,United Kingdom
68097429,Stephen,Flores,+44 7676 456 448,1989-02-08,stephen.flores@yahoo.com,Female,7156 Ricardo Crossing,Jamesborough,NE7 5QK,United Kingdom
52773572,Carol,Burnett,+44 7494 164 946,2002-08-16,carol.burnett@outlook.com,Unknown,91850 Stephen Village,West Hollyhaven,L87 2PR,United Kingdom
78159383,David,Bell,+44 7515 845 505,2000-03-20,david.bell@outlook.com,Male,997 Susan Landing,East Danielport,SE35 0MV,United Kingdom
13970596,Brian,Howell,+44 7917 735 288,1985-10-05,brian.howell@outlook.com,Unknown,05173 Murray Stream,East Raymond,YO51 9PA,United Kingdom
79972006,Matthew,Anderson,+44 7289 752 944,1984-08-31,matthew.anderson@yahoo.com,Unknown,494 Catherine Glens,Brookefurt,EH26 5YF,United Kingdom
52825308,Jennifer,Horn,+44 7565 621 945,1993-04-17,jennifer.horn@icloud.com,Female,437 Mejia Springs,Lake Brian,DE13 6FD,United Kingdom
77993504,Tiffany,Hawkins,+44 7814 450 249,1973-03-16,tiffany.hawkins@icloud.com,Female,96442 Anderson Highway,New Matthewberg,YO37 3FO,United Kingdom
36035264,Becky,Mathews,+44 7667 672 999,1990-03-15,becky.mathews@yahoo.com,Female,7240 Hicks Islands,Port Lucasborough,NW45 0WJ,United Kingdom
80238419,James,Sherman,+44 7226 670 516,2002-08-15,james.sherman@outlook.com,Male,2414 Bryan Manors,Baldwinville,W98 3OD,United Kingdom
44492780,Joseph,Marshall,+44 7588 893 436,1968-12-22,joseph.marshall@outlook.com,Unknown,9398 Russell Forges,Lake Bradleychester,EH2 0WB,United Kingdom
36401416,Daniel,Jones,+44 7107 387 232,2003-02-24,daniel.jones@gmail.com,Female,48181 Kiara Cove,Deckermouth,L32 0WF,United Kingdom
79821400,Sarah,Tapia,+44 7694 437 745,1996-11-06,sarah.tapia@yahoo.com,Female,7119 Wyatt Drive,Wellshaven,M90 5RE,United Kingdom
20900777,Douglas,Myers,+44 7546 453 107,1983-11-07,douglas.myers@gmail.com,Unknown,514 Foley Heights,Hartton,W7 5FB,United Kingdom
23222001,John,Bates,+44 7470 751 149,1994-02-22,john.bates@outlook.com,Male,2555 Peterson Mill,Guerraville,WC43 8MB,United Kingdom
17892778,Benjamin,Washington,+44 7269 691 532,1987-02-11,benjamin.washington@gmail.com,Female,586 Nicholas Corners,Davidstad,L67 3EG,United Kingdom
13887085,Jessica,Torres,+44 7840 970 174,1988-01-24,jessica.torres@gmail.com,Female,39491 Bailey Manors,South Brian,BT17 2BB,United Kingdom
98016013,Ashley,Brown,+44 7391 525 533,1984-10-05,ashley.brown@gmail.com,Female,371 Ortiz Crossroad,East Kathleentown,W28 9AA,United Kingdom
43914780,Erica,Roy,+44 7836 283 558,1996-01-01,erica.roy@icloud.com,Unknown,46791 Mary Walk,Lake David,SE46 8TT,United Kingdom
45305068,Kerry,Bauer,+44 7200 134 863,1997-02-04,kerry.bauer@gmail.com,Unknown,105 Amber Square,Kelleystad,DE16 7VA,United Kingdom
37833801,Gabrielle,Meadows,+44 7255 413 313,1994-08-05,gabrielle.meadows@icloud.com,Female,459 Olson Harbors,Port Michaelborough,DE44 2YV,United Kingdom
65819304,Lisa,Jones,+44 7873 468 299,1992-01-15,lisa.jones@hotmail.com,Unknown,148 Rachel Loop,Forbesside,BT38 7GZ,United Kingdom
39909657,Jose,Clarke,+44 7622 194 867,1997-01-20,jose.clarke@gmail.com,Unknown,54525 Kevin Oval,Port William,L72 1WF,United Kingdom
54987418,Linda,Lopez,+44 7300 769 325,1997-12-09,linda.lopez@yahoo.com,Female,22071 Potter Field,Jeffreytown,SW98 1WD,United Kingdom
59146067,Chris,Anderson,+44 7600 944 472,1976-03-27,chris.anderson@outlook.com,Unknown,43895 Sean Stream,North Hollytown,DE87 5VH,United Kingdom
96168449,Trevor,Reyes,+44 7197 360 721,1995-06-10,trevor.reyes@hotmail.com,Unknown,53025 Gary Estates,Villanuevamouth,DE66 6BR,United Kingdom
44681838,Karen,Willis,+44 7684 979 293,1994-07-12,karen.willis@outlook.com,Female,3832 Ariel Passage,Scottberg,SE89 9HR,United Kingdom
53197301,Mario,Singleton,+44 7494 812 259,1991-10-17,mario.singleton@yahoo.com,Unknown,112 Timothy Highway,Port Gabrielleton,W61 5UB,United Kingdom
31106711,Brittany,Leon,+44 7656 386 517,2003-09-25,brittany.leon@hotmail.com,Female,7253 Kristin Viaduct,West Jason,G67 5BS,United Kingdom
66458710,Michael,Carpenter,+44 7820 268 855,1974-06-21,michael.carpenter@hotmail.com,Male,9906 Vincent Path,Lambtown,M51 5LN,United Kingdom
67750464,Tony,Martinez,+44 7571 687 319,2002-04-27,tony.martinez@gmail.com,Unknown,95568 Nelson Summit,Bellfurt,CF74 8NW,United Kingdom
21335466,Karen,House,+44 7365 145 659,1969-09-17,karen.house@gmail.com,Female,61831 Phillip Vista,Bethanyside,AB14 7PL,United Kingdom
58823259,Gordon,Gross,+44 7575 878 189,2003-11-13,gordon.gross@outlook.com,Unknown,45114 Hutchinson Course,Andrewview,CF3 2CO,United Kingdom
70197732,Marie,Hinton,+44 7486 410 526,1985-12-12,marie.hinton@outlook.com,Female,86670 Johnson Crescent,Lopezview,SE23 1HB,United Kingdom
56887161,Andrew,Sanchez,+44 7756 392 621,1996-02-02,andrew.sanchez@icloud.com,Unknown,493 Griffin Freeway,Fischerberg,W58 9OX,United Kingdom
42437192,Robert,Watkins,+44 7983 377 406,1974-06-29,robert.watkins@yahoo.com,Male,60304 Lee Stravenue,New Jennifer,DE63 1GK,United Kingdom
35768866,Roberto,Thomas,+44 7318 315 901,1976-04-20,roberto.thomas@yahoo.com,Unknown,68727 Caitlin Plaza,Deborahberg,SE25 8IY,United Kingdom
36032457,Jason,Ward,+44 7923 328 685,2000-07-01,jason.ward@outlook.com,Unknown,9932 Bush Branch,Rickyborough,M4 1KX,United Kingdom
74151285,Diane,Daniel,+44 7889 915 106,2000-08-04,diane.daniel@icloud.com,Female,98138 Davis Rapids,Staffordfort,DE67 2KE,United Kingdom
63448387,Heather,Long,+44 7927 924 999,1984-06-01,heather.long@hotmail.com,Female,8314 Taylor Keys,Williamhaven,NW53 1UW,United Kingdom
63577762,Katherine,Baldwin,+44 7635 601 372,2000-11-24,katherine.baldwin@yahoo.com,Female,721 Tran Vista,Duncanport,BT4 7TD,United Kingdom
77018494,Steven,Yang,+44 7932 787 489,1971-04-12,steven.yang@hotmail.com,Unknown,39164 Delgado Cliff,New Tiffanymouth,AB27 3BB,United Kingdom
15996934,Nicholas,Wyatt,+44 7745 931 123,1974-03-28,nicholas.wyatt@icloud.com,Unknown,27169 Dunlap Common,Timothyville,L62 8LP,United Kingdom
64546054,John,Arnold,+44 7253 357 775,1998-11-11,john.arnold@yahoo.com,Male,6497 Mullen Hollow,Myersburgh,BT70 7LK,United Kingdom
84400237,Jason,Miller,+44 7509 372 580,1973-01-25,jason.miller@gmail.com,Unknown,1501 Holland Groves,Jennaview,M90 1QI,United Kingdom
49055713,Megan,Cooper,+44 7630 841 963,1970-12-27,megan.cooper@gmail.com,Unknown,34737 Osborn Isle,Marksmouth,DE7 6KS,United Kingdom
57558753,George,Lyons,+44 7685 412 879,1995-05-06,george.lyons@hotmail.com,Female,77715 Christina Pike,Sawyerchester,G71 7LF,United Kingdom
80606950,Scott,Ho,+44 7523 197 552,1985-07-23,scott.ho@gmail.com,Unknown,3647 Elizabeth Lakes,Melindaburgh,AB72 0QN,United Kingdom
91910287,Jesus,Kelley,+44 7565 349 367,1998-01-11,jesus.kelley@hotmail.com,Unknown,47001 Julie Port,Lake Scott,W96 4NO,United Kingdom
71133398,Patrick,Wyatt,+44 7394 114 896,1993-09-14,patrick.wyatt@yahoo.com,Female,4714 Garcia Keys,Burnsbury,NE28 6QJ,United Kingdom
49536372,Robert,Kelly,+44 7622 291 432,1985-01-22,robert.kelly@hotmail.com,Male,12540 Mary Tunnel,South Josephton,YO82 5MD,United Kingdom
23184994,Matthew,Acevedo,+44 7450 924 763,1985-03-07,matthew.acevedo@icloud.com,Unknown,8337 Shelly Terrace,Lake Lisa,NW98 1TF,United Kingdom
87174877,Jeremy,Dixon,+44 7312 819 476,1989-08-06,jeremy.dixon@hotmail.com,Unknown,0404 Summers Islands,North Wendyhaven,DE33 7HH,United Kingdom
30075231,Amy,Oconnor,+44 7205 833 684,1988-07-07,amy.oconnor@gmail.com,Female,03765 Stephanie Harbors,Gloverstad,YO11 7UM,United Kingdom
64465456,Paul,Baker,+44 7424 960 611,1968-08-23,paul.baker@yahoo.com,Unknown,4874 Amy Burgs,Loganmouth,DE10 2GI,United Kingdom
38451266,William,Paul,+44 7837 205 702,1967-04-11,william.paul@yahoo.com,Male,48733 Beth Estate,North Sherristad,YO18 2JM,United Kingdom
61299898,David,Moore,+44 7883 399 291,1988-12-18,david.moore@yahoo.com,Male,059 Ethan Center,Aguilarbury,NW82 5BA,United Kingdom
82269781,Vanessa,Sosa,+44 7360 799 912,1973-11-17,vanessa.sosa@outlook.com,Female,7073 Steve Plains,North Allisonton,L7 0SQ,United Kingdom
27254887,Martin,Norton,+44 7611 404 327,1976-11-09,martin.norton@hotmail.com,Unknown,69007 Scott Haven,Port Rita,SE16 1HQ,United Kingdom
36874744,Kristy,Porter,+44 7534 287 360,1985-01-23,kristy.porter@gmail.com,Unknown,474 Erin Ridges,Carriebury,DE53 1XW,United Kingdom
40070279,Kimberly,Norris,+44 7367 991 568,1983-04-05,kimberly.norris@gmail.com,Unknown,330 Bruce Extension,New Michaelport,SW97 4SX,United Kingdom
41456157,Keith,Rosario,+44 7241 210 415,1975-11-20,keith.rosario@hotmail.com,Female,144 Lauren Roads,West Michele,SW48 2SX,United Kingdom
58811069,Jerry,Brown,+44 7834 229 133,2002-02-20,jerry.brown@outlook.com,Female,889 Jenkins Oval,Rebeccatown,NE49 6UX,United Kingdom
74822637,Sarah,Mason,+44 7241 400 611,1991-08-10,sarah.mason@outlook.com,Female,13499 Jacob Summit,Walkerstad,EH30 9WO,United Kingdom
66028494,Melissa,Morrow,+44 7969 827 625,1996-01-14,melissa.morrow@gmail.com,Female,045 Martin Trace,Johnsonberg,WC14 0MX,United Kingdom
83542302,Matthew,Huffman,+44 7996 299 264,1965-02-04,matthew.huffman@hotmail.com,Unknown,641 Snow Brooks,New Kevin,M49 4VY,United Kingdom
95134199,Michael,Ross,+44 7921 523 877,1998-02-13,michael.ross@icloud.com,Male,00246 Glass Cliff,Cassandraside,AB32 0BL,United Kingdom
74695362,Taylor,Mueller,+44 7427 811 463,1989-10-31,taylor.mueller@yahoo.com,Unknown,025 Walker Locks,Port Benjaminshire,W60 4WG,United Kingdom
18152204,Susan,Anderson,+44 7435 403 632,1968-08-22,susan.anderson@icloud.com,Female,79285 Farrell Meadow,New Casey,DE4 6EB,United Kingdom
64267315,Erin,Trujillo,+44 7336 589 643,1993-10-13,erin.trujillo@outlook.com,Unknown,342 Mcdonald Orchard,Lake Matthewmouth,SE92 6MG,United Kingdom
81787007,Andrew,Ruiz,+44 7364 282 369,1988-01-20,andrew.ruiz@yahoo.com,Female,4275 Barry Run,South Jennifer,L21 2FC,United Kingdom
76682325,Regina,Mcguire,+44 7777 930 812,1968-08-23,regina.mcguire@gmail.com,Unknown,680 Dylan Fork,Gillespiemouth,BT2 0TP,United Kingdom
72453346,Anthony,Mills,+44 7266 698 900,1980-06-13,anthony.mills@icloud.com,Unknown,59198 Amber Court,Pamelafort,CF2 0TY,United Kingdom
62459960,Melinda,Nichols,+44 7632 932 255,1994-01-07,melinda.nichols@hotmail.com,Unknown,2827 Jones Mission,Lindseystad,NW32 0DA,United Kingdom
48762424,Jason,Edwards,+44 7906 187 407,1985-11-06,jason.edwards@icloud.com,Unknown,0271 Amy Mill,Anneberg,L70 5IN,United Kingdom
43737215,David,Banks,+44 7616 659 732,1998-12-28,david.banks@yahoo.com,Male,0319 Jose Center,Smithburgh,BT45 8UX,United Kingdom
33392302,Jasmine,Hunter,+44 7305 289 831,1964-08-10,jasmine.hunter@yahoo.com,Female,7011 Thompson Ranch,Hammondstad,NW1 2LA,United Kingdom
38338853,Roger,Gilbert,+44 7446 761 224,1998-10-28,roger.gilbert@yahoo.com,Unknown,046 Nicholas Court,Lake Holly,M86 5LT,United Kingdom
27110074,Toni,Hudson,+44 7923 503 870,1984-11-22,toni.hudson@icloud.com,Female,589 Hancock Valleys,Moorestad,L40 3YJ,United Kingdom
22042358,Christian,Hill,+44 7639 241 790,2001-12-15,christian.hill@icloud.com,Female,280 Smith Grove,Mistyburgh,L74 0MI,United Kingdom
35476299,Andrew,Walker,+44 7185 956 583,1999-08-17,andrew.walker@outlook.com,Unknown,48924 Robert Inlet,Johnstonhaven,EH87 9IW,United Kingdom
64994354,Jennifer,Gibson,+44 7475 956 159,1992-10-02,jennifer.gibson@gmail.com,Female,399 Angela Spurs,South Jason,BT17 4VW,United Kingdom
78442449,Latasha,Chen,+44 7553 989 485,1985-01-27,latasha.chen@hotmail.com,Female,79251 Rodriguez Club,New Christy,BT86 2YB,United Kingdom
53757584,David,Lawson,+44 7421 893 378,1981-05-11,david.lawson@yahoo.com,Male,8323 Rachael Lights,West Jonathan,W34 7BY,United Kingdom
56131866,Sheri,Ware,+44 7896 551 647,1984-11-01,sheri.ware@outlook.com,Unknown,475 Michael Crescent,Lake Logan,AB14 3NQ,United Kingdom
91342616,Wendy,Love,+44 7272 453 842,2003-03-02,wendy.love@gmail.com,Unknown,3114 Nelson Brooks,South Jeffhaven,SW2 4PE,United Kingdom
70694739,Martin,Liu,+44 7908 353 161,2004-07-16,martin.liu@hotmail.com,Female,58990 Christina Road,New David,NW44 1CO,United Kingdom
84735974,Sandra,Schwartz,+44 7601 879 220,1987-10-22,sandra.schwartz@gmail.com,Unknown,83655 Phillip Streets,Olsonchester,NE48 2NC,United Kingdom
91407111,Ronald,White,+44 7880 342 441,1989-03-29,ronald.white@yahoo.com,Unknown,05260 Lori Cove,Patelborough,SW94 2TU,United Kingdom
98022626,Gloria,Ford,+44 7263 575 114,1972-03-18,gloria.ford@gmail.com,Female,5690 Conner Curve,Johnstonmouth,G88 1PH,United Kingdom
70585913,John,Mcintyre,+44 7543 208 130,1990-11-04,john.mcintyre@outlook.com,Male,1638 Chang Path,North Ericafurt,DE76 1ZF,United Kingdom
74744234,Barbara,Rivera,+44 7471 478 206,1995-09-21,barbara.rivera@hotmail.com,Female,715 Palmer Ferry,Lake Victoriachester,W3 9BG,United Kingdom
74999152,Emily,Adams,+44 7493 166 594,1987-06-24,emily.adams@yahoo.com,Unknown,179 Matthew Squares,West Amanda,NE36 4DE,United Kingdom
94804891,Tammy,Davis,+44 7134 265 231,1992-12-28,tammy.davis@yahoo.com,Unknown,02525 Michael Plains,Brendaberg,L73 3EO,United Kingdom
73865838,Michele,Powers,+44 7152 309 558,1992-05-23,michele.powers@yahoo.com,Unknown,681 Jones Flats,New Tonyport,SW39 0KY,United Kingdom
80874480,Timothy,Taylor,+44 7551 487 643,1993-05-07,timothy.taylor@hotmail.com,Unknown,393 Erin Squares,Christineville,M75 3HJ,United Kingdom
48662564,Dominique,Miller,+44 7463 560 172,1972-07-03,dominique.miller@gmail.com,Female,7081 Davies Turnpike,Beckfort,SW98 8XB,United Kingdom
61903748,Dana,Brooks,+44 7240 305 110,1980-10-11,dana.brooks@gmail.com,Unknown,7807 Heidi Circle,New Patrick,NW42 2UV,United Kingdom
42729344,James,Bass,+44 7204 729 235,1974-01-29,james.bass@gmail.com,Male,03276 Veronica Terrace,Jamesfort,SW33 8FF,United Kingdom
58678754,Jeremy,Bell,+44 7972 572 339,2000-09-06,jeremy.bell@outlook.com,Unknown,567 Morris Gardens,South Ashleystad,DE49 2BR,United Kingdom
67693758,Craig,Jennings,+44 7925 553 125,2000-05-05,craig.jennings@icloud.com,Unknown,772 Kevin Island,Michaelland,L48 0ST,United Kingdom
87356985,Kristina,Brown,+44 7405 342 738,1968-12-06,kristina.brown@outlook.com,Female,16202 Timothy Spur,Rivasport,AB92 4EJ,United Kingdom
85439702,Kimberly,Moss,+44 7647 286 978,1990-07-20,kimberly.moss@hotmail.com,Female,702 Natalie Stream,South Zachary,SW82 9FS,United Kingdom
31354082,Kristin,Orozco,+44 7789 792 151,1999-09-30,kristin.orozco@icloud.com,Unknown,5529 Manuel Expressway,Guerreroville,BT77 1CJ,United Kingdom
94718889,John,Solis,+44 7332 269 443,1969-12-28,john.solis@hotmail.com,Male,7650 Sanchez Trace,Port Darrenville,WC68 1XF,United Kingdom
37664344,Theresa,Miranda,+44 7200 959 838,1965-09-29,theresa.miranda@gmail.com,Unknown,0822 Christy Common,West Clairetown,AB38 7DS,United Kingdom
55172141,Matthew,Hoover,+44 7791 609 932,1988-08-20,matthew.hoover@outlook.com,Female,8764 William Fords,Murphybury,EH45 9KW,United Kingdom
49931902,Anthony,Sosa,+44 7717 481 669,1991-03-13,anthony.sosa@hotmail.com,Female,656 James Locks,New Sydneybury,BT65 7LQ,United Kingdom
85638831,Mark,Fisher,+44 7143 360 415,2003-07-11,mark.fisher@icloud.com,Unknown,11392 Sanders Creek,East Kevintown,M45 0DX,United Kingdom
37439110,John,Howard,+44 7616 387 841,1986-02-22,john.howard@hotmail.com,Male,46884 Stevens Road,East Jennifer,M15 8LI,United Kingdom
44606601,George,Turner,+44 7476 984 398,1992-12-28,george.turner@outlook.com,Unknown,9392 Todd Radial,East Angelafort,G43 8RM,United Kingdom
