order_id,order_date,order_status,customer_id,street_address,city,postal_code,country
13503753,2023/1/17,Delivered,62320692,34667 Moore Stream,Gardnerberg,CF72 6OW,United Kingdom
83947262,2024/9/9,Pending,31354082,5529 Manuel Expressway,Guerreroville,BT77 1CJ,United Kingdom
33485789,2024/1/16,Cancelled,28703007,7428 Hill Key,North Christinahaven,CF35 8UF,United Kingdom
12863704,2023/12/11,Pending,18744211,01861 George Ramp,Ritterland,SW75 3UM,United Kingdom
86911518,2023/9/25,Pending,20452518,878 Hodges Divide,Smithshire,W55 8BP,United Kingdom
11913947,2024/6/9,Delivered,44627378,2294 Andrew Prairie,New Donald,SE38 1SI,United Kingdom
32150639,2023/4/28,Pending,30563516,39218 Tyler Passage,West Lawrence,DE63 1TO,United Kingdom
51114933,2023/9/13,Cancelled,62958669,0409 Dennis Mission,New Deborahtown,WC98 4YO,United Kingdom
32757705,2023/1/30,Delivered,74993342,447 Nancy Lights,Jonathanton,DE54 3GJ,United Kingdom
44527973,2023/5/15,Delivered,75393202,60776 Timothy Mission,Jamesfurt,L84 0AJ,United Kingdom
44875218,2023/8/10,Cancelled,50716597,4610 Wilcox Greens,Berryfurt,SE5 6RI,United Kingdom
61677361,2024/5/25,Shipped,66870718,502 Marcus Forest,Lake Marissachester,BT18 2GR,United Kingdom
34934684,2024/8/20,Pending,90454794,251 Garcia Road,Lake Jamietown,EH85 8XF,United Kingdom
48117726,2024/8/28,Pending,61119829,81368 Massey Wells,Tarafort,CF27 0QS,United Kingdom
63275469,2024/12/5,Delivered,50387005,698 Edwards Shoals,North Joseph,G8 0CP,United Kingdom
60452395,2024/11/29,Cancelled,47027829,8317 Tamara Hill,West Robertborough,L88 3UO,United Kingdom
83919932,2024/3/22,Delivered,66704688,71353 Diana Isle,Angelafort,DE78 6VV,United Kingdom
87557419,2024/12/20,Cancelled,98891214,749 James Points,Port Tammy,SW25 0UY,United Kingdom
18090880,2023/7/29,Pending,89152558,6919 Tucker Well,Michelleland,G69 3ME,United Kingdom
79615577,2024/5/6,Cancelled,68898228,5100 Jennifer Trail,New Sally,SW3 5AT,United Kingdom
35675800,2024/10/20,Pending,72343646,824 Thomas Canyon,Jefferyhaven,SE51 4UU,United Kingdom
66612744,2023/9/14,Shipped,86426946,5427 Wheeler Burg,North Lindamouth,DE93 2TI,United Kingdom
54195469,2024/9/23,Delivered,43681492,0131 Bryan Row,Maryton,G72 8XY,United Kingdom
25724439,2023/5/11,Shipped,69858834,61059 Christine Cliff,Coxberg,G97 4LN,United Kingdom
47465990,2024/3/25,Pending,23184994,8337 Shelly Terrace,Lake Lisa,NW98 1TF,United Kingdom
41667785,2023/1/15,Shipped,89610425,502 Eric Junction,Leeside,W50 2LV,United Kingdom
24042895,2023/5/6,Pending,24418280,3287 Leach Passage,Valerieland,EH23 1OS,United Kingdom
76204157,2023/5/10,Delivered,75674974,688 Christopher Key,South Sean,NW52 6FK,United Kingdom
76033404,2023/12/13,Shipped,18811835,21716 Miranda Vista,Burnsbury,YO83 8QD,United Kingdom
96884704,2024/1/18,Shipped,62608340,949 Mcgee Stream,Port Sean,W25 7ME,United Kingdom
50737404,2023/8/22,Shipped,55062945,01484 Cuevas Spur,West Derekburgh,AB28 5YX,United Kingdom
54912875,2024/5/17,Pending,72261105,1453 Cooper Terrace,Marytown,DE13 3HK,United Kingdom
20476489,2024/3/30,Pending,25596761,0694 Smith Drive,North Andrew,NW51 2HH,United Kingdom
70695341,2023/5/20,Cancelled,82884693,84132 Houston Cliffs,Port Amandaland,SE29 3PO,United Kingdom
28387509,2024/1/19,Delivered,20671746,1987 Hill Park,West Nicoleside,L40 8VO,United Kingdom
34542765,2024/3/10,Shipped,94042217,64507 Anthony Brook,East Danielberg,W63 4QV,United Kingdom
20583707,2024/4/10,Delivered,45738761,0775 Powers Spring,South Erinview,G27 3XY,United Kingdom
74395022,2023/4/24,Pending,42330015,6430 Brenda Ridges,Tonyside,BT92 5JS,United Kingdom
64464003,2023/9/30,Pending,39418575,49143 Robert Mountains,Grayfurt,SE95 4BD,United Kingdom
82937630,2023/8/14,Delivered,52279601,5343 Obrien Row,South Barbaraberg,YO91 9SB,United Kingdom
73889338,2023/3/5,Cancelled,20671746,1987 Hill Park,West Nicoleside,L40 8VO,United Kingdom
26585856,2024/10/11,Cancelled,19808203,64146 Hart Club,South Philipberg,SE41 7NJ,United Kingdom
49315270,2024/2/11,Cancelled,82421667,0218 Chavez Streets,Adrianashire,W66 0GV,United Kingdom
78165802,2023/7/21,Cancelled,86057911,16918 Rice Shoals,Port Samuel,G71 6NL,United Kingdom
30811236,2024/2/5,Delivered,44427873,8381 Lori Estate,South Stevenbury,DE67 1TQ,United Kingdom
53872770,2023/6/11,Pending,22682375,370 Reynolds Dale,Palmerland,W44 4HH,United Kingdom
53262334,2024/8/18,Shipped,26433890,56018 Young Stravenue,Lake Jamieview,NE21 3EV,United Kingdom
76732571,2024/8/13,Shipped,60593300,026 Moore Meadows,Candicefurt,W82 5WP,United Kingdom
74158362,2023/12/14,Cancelled,62958669,0409 Dennis Mission,New Deborahtown,WC98 4YO,United Kingdom
79764205,2023/8/27,Shipped,34467229,30227 Nicole Flats,Aaronstad,SW90 4IP,United Kingdom
67402176,2023/9/14,Delivered,42437192,60304 Lee Stravenue,New Jennifer,DE63 1GK,United Kingdom
92168199,2024/5/8,Cancelled,43914780,46791 Mary Walk,Lake David,SE46 8TT,United Kingdom
34977484,2023/6/29,Cancelled,28703007,7428 Hill Key,North Christinahaven,CF35 8UF,United Kingdom
57802406,2024/2/6,Cancelled,87411542,9907 Melissa Locks,Wilsonville,CF82 0QR,United Kingdom
65443533,2024/9/2,Shipped,63938805,0800 Rivera Mount,Calvinside,CF63 5VX,United Kingdom
38843496,2024/9/7,Pending,42729344,03276 Veronica Terrace,Jamesfort,SW33 8FF,United Kingdom
46931627,2024/10/8,Delivered,97298534,5428 Stewart Rue,West Crystal,EH29 1HP,United Kingdom
68072965,2023/4/27,Delivered,45842237,89682 Denise Rapids,Wileybury,YO49 9ZG,United Kingdom
58340086,2024/5/19,Pending,69826861,628 Jeanette Way,East Annette,SW26 1EQ,United Kingdom
80293114,2024/9/18,Pending,14303781,9687 Jenna Fields,West Leonard,YO52 0AW,United Kingdom
65895806,2023/5/9,Pending,32383792,061 Lucas Walk,Carolineborough,EH53 8PT,United Kingdom
44108171,2024/9/26,Pending,74993342,447 Nancy Lights,Jonathanton,DE54 3GJ,United Kingdom
17216579,2023/10/10,Pending,55172141,8764 William Fords,Murphybury,EH45 9KW,United Kingdom
94377787,2023/4/10,Pending,40550965,987 Juan Parkways,South Sarahberg,NE72 3OF,United Kingdom
23151903,2024/7/10,Cancelled,97158855,30429 Amanda Crest,Christyton,SW30 2FD,United Kingdom
92414192,2024/10/1,Pending,90551719,244 Smith Drive,Elliston,DE21 5TF,United Kingdom
41735988,2023/7/8,Shipped,37416342,3108 Meyer Island,Walshshire,WC98 9JJ,United Kingdom
39964408,2024/4/3,Delivered,21205246,88768 Matthew Village,Jeanton,SE72 8JM,United Kingdom
48007246,2023/7/30,Pending,75901120,14618 Lambert Camp,Alyssamouth,DE70 4FV,United Kingdom
87383046,2023/6/26,Pending,57001225,0795 Alvarez Spurs,Lake Amy,BT77 9QH,United Kingdom
26391902,2023/8/7,Pending,89332625,2655 William Roads,Justinfurt,M83 4XP,United Kingdom
97940307,2024/2/20,Shipped,58410433,848 Jay Meadows,Port Dalefort,SW12 3LY,United Kingdom
76538289,2023/5/8,Shipped,84995390,33577 Anderson Mountain,East Kristen,W9 1CS,United Kingdom
91026037,2023/5/7,Pending,72225583,94541 Oneill Loop,Huertatown,EH62 6JN,United Kingdom
33771273,2023/8/9,Pending,89152558,6919 Tucker Well,Michelleland,G69 3ME,United Kingdom
81705602,2023/11/13,Pending,96375675,73535 Gross Loaf,Marshallhaven,CF43 1LO,United Kingdom
77885174,2024/5/27,Shipped,88346785,6989 Simon Mount,New Kristin,G73 0IK,United Kingdom
75032578,2023/12/30,Pending,63488527,27009 Smith Ford,East Williamfurt,NE44 7XL,United Kingdom
87931667,2024/4/7,Pending,21703910,1871 Joshua Trace,Lake Laura,DE30 9XX,United Kingdom
62182063,2024/5/18,Pending,53827986,5130 Lane Manor,West Alexandraview,SE69 3MG,United Kingdom
66908337,2023/12/14,Pending,94036410,9530 Townsend Highway,North Alexton,EH10 0AJ,United Kingdom
19304490,2023/8/31,Shipped,21856739,13025 Derrick Fork,Brookeside,NW86 7DA,United Kingdom
51070838,2023/6/26,Cancelled,82884693,84132 Houston Cliffs,Port Amandaland,SE29 3PO,United Kingdom
32941358,2023/8/30,Delivered,63663306,7229 Foster Greens,Schultzshire,YO87 3OE,United Kingdom
77185533,2023/2/11,Cancelled,38338853,046 Nicholas Court,Lake Holly,M86 5LT,United Kingdom
35111538,2023/4/22,Delivered,20974307,65718 Cole Fords,Suzannetown,CF15 8VG,United Kingdom
86053800,2024/11/15,Shipped,90272562,882 Kenneth Mountains,Port Bonniemouth,SW69 6CM,United Kingdom
50460165,2023/9/16,Shipped,43809839,630 Moyer Turnpike,Lawrenceberg,WC11 4BN,United Kingdom
97847836,2024/7/5,Pending,17550494,681 Brown Streets,Port Catherine,G51 8AS,United Kingdom
93978067,2023/4/30,Cancelled,26286750,4618 Kathleen Via,North Tamara,DE28 9PM,United Kingdom
73582145,2023/9/30,Delivered,22573179,14588 Joshua Curve,Kennethland,W8 1MF,United Kingdom
67307277,2024/5/15,Pending,91910287,47001 Julie Port,Lake Scott,W96 4NO,United Kingdom
64017466,2023/4/4,Cancelled,64965520,8474 Marshall Haven,Fowlerfurt,SE50 5JQ,United Kingdom
37020731,2024/4/2,Pending,46605557,6010 Miller Motorway,Kennethland,YO15 1TK,United Kingdom
32441166,2023/4/4,Pending,78372060,25142 Evans Road,Judymouth,M23 7OR,United Kingdom
85081916,2023/9/28,Delivered,41533364,6825 Patrick Land,Ambertown,EH52 6WN,United Kingdom
64596671,2024/11/15,Pending,42330015,6430 Brenda Ridges,Tonyside,BT92 5JS,United Kingdom
43468075,2024/6/24,Cancelled,76582050,29923 Patterson Hills,Lake Josephchester,SW12 1ZG,United Kingdom
23203777,2023/5/23,Cancelled,27254887,69007 Scott Haven,Port Rita,SE16 1HQ,United Kingdom
32676088,2023/5/17,Delivered,54987418,22071 Potter Field,Jeffreytown,SW98 1WD,United Kingdom
15316977,2024/9/26,Cancelled,63938805,0800 Rivera Mount,Calvinside,CF63 5VX,United Kingdom
75998480,2024/3/1,Pending,45842237,89682 Denise Rapids,Wileybury,YO49 9ZG,United Kingdom
21498172,2024/12/25,Pending,50716597,4610 Wilcox Greens,Berryfurt,SE5 6RI,United Kingdom
45836611,2024/10/17,Cancelled,38451266,48733 Beth Estate,North Sherristad,YO18 2JM,United Kingdom
69243095,2023/5/19,Shipped,66704688,71353 Diana Isle,Angelafort,DE78 6VV,United Kingdom
33094881,2024/7/17,Pending,17691376,20128 Sean Light,North Isabel,DE71 3QJ,United Kingdom
78870081,2024/10/4,Shipped,44752353,355 Archer Villages,Michaelberg,M55 1IC,United Kingdom
23282668,2024/4/20,Delivered,68898228,5100 Jennifer Trail,New Sally,SW3 5AT,United Kingdom
35145274,2023/11/18,Pending,92469153,5733 Stephanie Flat,South Elizabeth,WC7 7QM,United Kingdom
82712056,2023/12/17,Shipped,82269781,7073 Steve Plains,North Allisonton,L7 0SQ,United Kingdom
57990005,2024/9/9,Pending,29471833,78803 Carol Wells,South Derrick,YO90 0DS,United Kingdom
82567843,2024/9/13,Delivered,75901120,14618 Lambert Camp,Alyssamouth,DE70 4FV,United Kingdom
99697576,2023/12/7,Pending,82269781,7073 Steve Plains,North Allisonton,L7 0SQ,United Kingdom
58975174,2023/7/24,Delivered,80874480,393 Erin Squares,Christineville,M75 3HJ,United Kingdom
58120417,2023/1/12,Delivered,51790067,72385 Matthew Causeway,Rogershire,NW12 2TZ,United Kingdom
44807338,2024/12/19,Delivered,60763118,70135 Jennifer Mountains,Jasonside,M96 0EK,United Kingdom
81952746,2024/6/29,Pending,41957499,294 Luna Valleys,New Amyville,M74 5IA,United Kingdom
79855220,2024/6/16,Cancelled,56131866,475 Michael Crescent,Lake Logan,AB14 3NQ,United Kingdom
16578649,2023/3/23,Delivered,12778445,5591 Jessica Squares,North Dustin,YO3 5BS,United Kingdom
76542886,2023/6/26,Delivered,79503299,42619 Taylor Corner,New Adrianland,SE90 5XA,United Kingdom
26419087,2024/3/7,Shipped,46081383,524 Case Stream,Donaldbury,DE93 4HK,United Kingdom
48937681,2023/2/27,Delivered,33166541,36673 Michael Spring,North Curtis,CF91 6HT,United Kingdom
62499332,2023/11/23,Shipped,71156272,02256 Short Fort,New Raymondland,M64 1VY,United Kingdom
79684031,2024/10/3,Shipped,38338853,046 Nicholas Court,Lake Holly,M86 5LT,United Kingdom
88874411,2024/3/23,Delivered,60054881,852 Thomas Ramp,New Lorimouth,SE69 0WO,United Kingdom
20830359,2024/3/27,Pending,53757584,8323 Rachael Lights,West Jonathan,W34 7BY,United Kingdom
41292054,2023/3/27,Delivered,85835298,656 Williams Camp,Ashleyfurt,SW55 2BQ,United Kingdom
39623031,2023/3/11,Cancelled,25146498,45949 Solomon Overpass,Stevensonland,WC69 4LK,United Kingdom
27198351,2023/7/11,Delivered,39909657,54525 Kevin Oval,Port William,L72 1WF,United Kingdom
34586365,2024/5/17,Cancelled,84073605,416 Rebecca Stravenue,Lake Andrewmouth,BT17 9DN,United Kingdom
64475977,2023/11/25,Pending,23184994,8337 Shelly Terrace,Lake Lisa,NW98 1TF,United Kingdom
11269458,2023/2/17,Shipped,43737215,0319 Jose Center,Smithburgh,BT45 8UX,United Kingdom
95420401,2023/11/24,Delivered,33392302,7011 Thompson Ranch,Hammondstad,NW1 2LA,United Kingdom
67557689,2023/6/12,Delivered,74695362,025 Walker Locks,Port Benjaminshire,W60 4WG,United Kingdom
52489249,2024/3/26,Delivered,63577762,721 Tran Vista,Duncanport,BT4 7TD,United Kingdom
55943903,2023/10/22,Pending,15581914,059 Jennifer Ramp,South Michael,NE80 7PE,United Kingdom
67874536,2024/7/29,Delivered,62320692,34667 Moore Stream,Gardnerberg,CF72 6OW,United Kingdom
36160077,2024/8/29,Delivered,25596761,0694 Smith Drive,North Andrew,NW51 2HH,United Kingdom
22411034,2024/1/30,Pending,30075231,03765 Stephanie Harbors,Gloverstad,YO11 7UM,United Kingdom
55677133,2024/8/5,Cancelled,45675716,9350 Andrew Inlet,Jonesland,YO42 4JJ,United Kingdom
20768286,2023/5/14,Pending,84400237,1501 Holland Groves,Jennaview,M90 1QI,United Kingdom
54840282,2023/4/2,Cancelled,14896991,24215 Lopez Roads,New Trevor,WC99 8KA,United Kingdom
83195335,2023/2/14,Cancelled,51790067,72385 Matthew Causeway,Rogershire,NW12 2TZ,United Kingdom
71912139,2024/9/30,Shipped,67693758,772 Kevin Island,Michaelland,L48 0ST,United Kingdom
31702720,2024/2/20,Shipped,49055713,34737 Osborn Isle,Marksmouth,DE7 6KS,United Kingdom
72868432,2023/2/18,Pending,93031119,45628 Amanda Haven,Jordanside,SE90 1OH,United Kingdom
16804667,2023/1/17,Delivered,77993504,96442 Anderson Highway,New Matthewberg,YO37 3FO,United Kingdom
27220818,2024/9/2,Pending,15996934,27169 Dunlap Common,Timothyville,L62 8LP,United Kingdom
83346434,2024/8/22,Cancelled,91342616,3114 Nelson Brooks,South Jeffhaven,SW2 4PE,United Kingdom
60130333,2024/6/19,Pending,41957499,294 Luna Valleys,New Amyville,M74 5IA,United Kingdom
15771697,2024/4/22,Cancelled,31620299,9964 Rodgers Avenue,North John,M89 2KF,United Kingdom
86920481,2024/4/12,Delivered,40570791,051 Christopher Mountain,Grahamfurt,YO60 3BJ,United Kingdom
52202465,2024/3/1,Cancelled,89152558,6919 Tucker Well,Michelleland,G69 3ME,United Kingdom
61754571,2024/1/6,Pending,93031119,45628 Amanda Haven,Jordanside,SE90 1OH,United Kingdom
12448237,2024/12/7,Delivered,57558753,77715 Christina Pike,Sawyerchester,G71 7LF,United Kingdom
14902527,2023/2/27,Delivered,14303781,9687 Jenna Fields,West Leonard,YO52 0AW,United Kingdom
57851403,2023/8/18,Pending,35104402,547 Black Corner,West Nicole,SW42 5HW,United Kingdom
60579843,2024/3/12,Cancelled,44681838,3832 Ariel Passage,Scottberg,SE89 9HR,United Kingdom
54507297,2023/7/13,Shipped,39777057,926 Lane Path,Port Donna,SW17 9KL,United Kingdom
64511753,2024/6/25,Shipped,90492828,1544 Tina Village,South Sarahville,M81 2YZ,United Kingdom
52167662,2023/7/29,Shipped,97298534,5428 Stewart Rue,West Crystal,EH29 1HP,United Kingdom
80787425,2023/10/24,Pending,16501119,937 Jennifer Prairie,West Heidistad,EH52 3KM,United Kingdom
86201208,2024/1/26,Delivered,19628184,6470 Ramirez Trafficway,North Stephen,NE92 4IY,United Kingdom
94265952,2023/1/11,Cancelled,97298534,5428 Stewart Rue,West Crystal,EH29 1HP,United Kingdom
44728751,2024/8/9,Cancelled,41821486,294 Donna Drive,South Donnamouth,BT31 4VC,United Kingdom
42170277,2024/1/13,Pending,18811835,21716 Miranda Vista,Burnsbury,YO83 8QD,United Kingdom
45041139,2024/10/13,Pending,40354010,87869 Gonzalez Field,Jamesberg,BT32 3KS,United Kingdom
90357243,2023/9/8,Delivered,51147113,40651 Natasha Roads,Dudleychester,G82 4LU,United Kingdom
37522404,2024/1/13,Pending,97949374,2732 Hanson Hills,Port Susanfurt,YO10 6HP,United Kingdom
43122834,2024/6/19,Cancelled,80482420,9963 Nichols Brook,Port Jeanne,DE47 4WH,United Kingdom
21691798,2024/6/7,Delivered,69050806,857 Sullivan Via,Lake Yvonne,EH41 7QU,United Kingdom
41141814,2024/2/28,Shipped,26433890,56018 Young Stravenue,Lake Jamieview,NE21 3EV,United Kingdom
12339864,2024/6/22,Delivered,49507390,10869 Baker Street,East Tina,SE63 8ZT,United Kingdom
38380467,2023/4/15,Pending,68525883,92171 Megan Island,Edwardland,NE16 2VZ,United Kingdom
98588204,2023/10/6,Delivered,66704688,71353 Diana Isle,Angelafort,DE78 6VV,United Kingdom
17587393,2023/4/2,Delivered,52014379,3863 Ortega Forges,Christophershire,NW85 6WD,United Kingdom
44869358,2024/3/31,Pending,85638831,11392 Sanders Creek,East Kevintown,M45 0DX,United Kingdom
16353704,2023/8/6,Shipped,99384873,35549 Cameron Harbor,South Claire,EH57 5WL,United Kingdom
69622491,2023/7/13,Cancelled,50387005,698 Edwards Shoals,North Joseph,G8 0CP,United Kingdom
31213295,2023/7/22,Cancelled,63711420,816 Miguel Flat,Port Kathrynburgh,YO63 0BC,United Kingdom
80362452,2023/5/21,Delivered,97949374,2732 Hanson Hills,Port Susanfurt,YO10 6HP,United Kingdom
24309868,2023/1/28,Shipped,48754190,0567 Romero Estate,Martinezburgh,WC86 3TC,United Kingdom
45986251,2024/3/3,Cancelled,54545262,49093 Gonzalez Manors,Brandichester,EH47 6KG,United Kingdom
49596069,2023/12/16,Delivered,83951399,72664 Cherry Locks,Stewartberg,WC61 4LI,United Kingdom
48496135,2023/5/24,Delivered,90581438,03822 Ramirez Ports,Bergland,M71 0OW,United Kingdom
19911396,2024/6/6,Shipped,26433890,56018 Young Stravenue,Lake Jamieview,NE21 3EV,United Kingdom
57632094,2024/9/2,Pending,97560035,248 Jade Common,South Allisonmouth,YO88 2JV,United Kingdom
32093882,2024/7/29,Pending,13632737,24489 Benson Neck,West Keithmouth,AB24 8WG,United Kingdom
21778256,2024/10/2,Delivered,34647186,494 Rogers Street,Nelsonhaven,NW63 0OE,United Kingdom
67089229,2024/12/24,Cancelled,15687409,021 Grant Track,Lake Elizabethmouth,NE13 8AN,United Kingdom
64438284,2024/3/15,Cancelled,56887161,493 Griffin Freeway,Fischerberg,W58 9OX,United Kingdom
58247789,2024/1/31,Delivered,92469153,5733 Stephanie Flat,South Elizabeth,WC7 7QM,United Kingdom
20166707,2023/5/25,Cancelled,85995120,302 Walton Hills,West Vickieland,EH44 3TO,United Kingdom
72333022,2023/1/10,Shipped,35476299,48924 Robert Inlet,Johnstonhaven,EH87 9IW,United Kingdom
34026385,2023/7/23,Delivered,94163682,1397 James Fork,South Mitchellchester,L84 7FS,United Kingdom
78886491,2023/11/4,Cancelled,26524098,134 David Groves,New John,AB26 1PI,United Kingdom
88397199,2024/6/15,Delivered,31337005,0252 Frank Viaduct,Taylorside,YO50 7EN,United Kingdom
82085930,2024/12/28,Delivered,72225583,94541 Oneill Loop,Huertatown,EH62 6JN,United Kingdom
57673147,2023/11/13,Pending,20671746,1987 Hill Park,West Nicoleside,L40 8VO,United Kingdom
74789878,2024/5/4,Shipped,91407111,05260 Lori Cove,Patelborough,SW94 2TU,United Kingdom
19025848,2023/11/30,Cancelled,94889953,541 Brown Springs,South Yolandaview,M75 2LI,United Kingdom
45010731,2024/8/18,Delivered,70311265,9082 Timothy Spurs,Port Josephland,M6 7WS,United Kingdom
29494237,2023/10/23,Delivered,71484482,56731 Williams Plain,West Michael,YO39 6KJ,United Kingdom
40776322,2024/4/22,Shipped,27110074,589 Hancock Valleys,Moorestad,L40 3YJ,United Kingdom
49624876,2023/10/3,Delivered,63663306,7229 Foster Greens,Schultzshire,YO87 3OE,United Kingdom
86219697,2024/1/18,Cancelled,26916721,56717 Shelton Parks,North Jeffrey,M57 8ZN,United Kingdom
39833714,2023/8/9,Shipped,92768230,72179 Kelsey Shoals,Seanchester,W62 6JJ,United Kingdom
53355505,2024/10/6,Cancelled,94087406,4697 Makayla Roads,Kimberlystad,W98 0QL,United Kingdom
62012578,2024/10/7,Delivered,17816178,054 Thomas Crest,South Jonathan,NE26 4KC,United Kingdom
54398156,2024/12/15,Shipped,75393202,60776 Timothy Mission,Jamesfurt,L84 0AJ,United Kingdom
57319532,2023/3/3,Shipped,56820255,18754 Kevin Dale,West Ryanbury,NW20 2NO,United Kingdom
48304305,2023/8/13,Pending,77018494,39164 Delgado Cliff,New Tiffanymouth,AB27 3BB,United Kingdom
26655875,2024/4/8,Pending,19398715,700 Gutierrez Shoals,Randallview,G45 0JC,United Kingdom
86713261,2024/8/12,Cancelled,62441428,3796 Thomas Isle,Nathanielmouth,NW44 5SX,United Kingdom
37464954,2023/9/15,Shipped,87411542,9907 Melissa Locks,Wilsonville,CF82 0QR,United Kingdom
32459831,2023/4/22,Pending,44492780,9398 Russell Forges,Lake Bradleychester,EH2 0WB,United Kingdom
48341153,2024/7/5,Pending,41456157,144 Lauren Roads,West Michele,SW48 2SX,United Kingdom
69913977,2024/8/7,Shipped,83132667,538 Thompson Highway,Dyermouth,W52 7PD,United Kingdom
30659482,2024/8/24,Delivered,31620299,9964 Rodgers Avenue,North John,M89 2KF,United Kingdom
11843820,2023/2/3,Pending,49055713,34737 Osborn Isle,Marksmouth,DE7 6KS,United Kingdom
43847942,2024/7/10,Shipped,76199727,407 Kevin Inlet,Boydhaven,SW63 8BG,United Kingdom
30463010,2024/11/5,Shipped,80773421,1005 Martin Highway,West Hannahside,NW35 4UZ,United Kingdom
82688618,2024/7/17,Cancelled,31106711,7253 Kristin Viaduct,West Jason,G67 5BS,United Kingdom
84299000,2023/6/18,Shipped,91997462,327 Kerr Cove,South Theresa,SE70 9DW,United Kingdom
34982911,2023/7/19,Pending,93163824,8634 Miranda Run,West Brittany,YO4 2ID,United Kingdom
51691705,2024/8/5,Delivered,13632737,24489 Benson Neck,West Keithmouth,AB24 8WG,United Kingdom
58896553,2024/1/6,Shipped,77469599,393 John Parkway,East Jacobstad,W65 1YZ,United Kingdom
86363726,2023/1/31,Pending,46656461,5021 Andrews Green,Dominguezburgh,SE92 7HD,United Kingdom
62004046,2023/8/15,Cancelled,10687271,1436 Horn Tunnel,Hendersonside,WC14 0HQ,United Kingdom
53020410,2023/7/7,Shipped,32524654,37878 Williamson Light,Rhodesburgh,YO68 7ST,United Kingdom
32093026,2024/6/10,Cancelled,25728436,531 Tara Dale,East Carol,BT11 4SC,United Kingdom
75946394,2024/6/20,Cancelled,34647186,494 Rogers Street,Nelsonhaven,NW63 0OE,United Kingdom
26806166,2024/9/11,Delivered,70311265,9082 Timothy Spurs,Port Josephland,M6 7WS,United Kingdom
87695379,2023/9/8,Delivered,21335466,61831 Phillip Vista,Bethanyside,AB14 7PL,United Kingdom
99776510,2023/10/24,Delivered,92425586,81632 Williams Walks,East Amanda,G41 3LL,United Kingdom
97615654,2023/11/6,Shipped,51183470,1869 Stark Squares,Anthonyport,M31 9HF,United Kingdom
54653895,2023/2/11,Pending,97577650,6792 Jones Road,Kaufmanborough,SW66 5KF,United Kingdom
15566012,2024/7/31,Delivered,53197301,112 Timothy Highway,Port Gabrielleton,W61 5UB,United Kingdom
82299910,2024/4/29,Pending,83568856,36606 Ross Junction,West Taylor,W69 7YZ,United Kingdom
48145859,2023/8/27,Delivered,35768866,68727 Caitlin Plaza,Deborahberg,SE25 8IY,United Kingdom
72199335,2023/2/10,Delivered,17892778,586 Nicholas Corners,Davidstad,L67 3EG,United Kingdom
10651345,2023/4/24,Pending,98293343,89321 Carol Road,New Crystal,SW18 9NK,United Kingdom
33726583,2023/6/13,Pending,58618318,397 Holland Mission,East Matthew,DE94 4NC,United Kingdom
39373941,2024/5/1,Cancelled,58811069,889 Jenkins Oval,Rebeccatown,NE49 6UX,United Kingdom
28616096,2023/11/22,Pending,84777014,868 Maria Plains,East Charles,M21 2MX,United Kingdom
91317667,2024/1/10,Shipped,76682325,680 Dylan Fork,Gillespiemouth,BT2 0TP,United Kingdom
20810981,2024/12/30,Shipped,23184994,8337 Shelly Terrace,Lake Lisa,NW98 1TF,United Kingdom
98573973,2023/4/3,Shipped,20695394,5563 Rice Port,Wesleyfort,DE51 7VC,United Kingdom
19271153,2023/9/28,Delivered,36789380,6903 David Forges,Williamshire,BT40 1MA,United Kingdom
90074228,2023/9/2,Delivered,73865838,681 Jones Flats,New Tonyport,SW39 0KY,United Kingdom
54583326,2024/5/8,Delivered,95976014,988 Brittany Crossroad,Lake David,SE66 3TX,United Kingdom
12215494,2024/10/26,Pending,84995390,33577 Anderson Mountain,East Kristen,W9 1CS,United Kingdom
66077869,2023/1/14,Cancelled,78086179,7693 Garcia Cliff,Emilyview,SE48 7VL,United Kingdom
99420940,2023/10/28,Shipped,54987418,22071 Potter Field,Jeffreytown,SW98 1WD,United Kingdom
90910427,2024/3/28,Pending,30075231,03765 Stephanie Harbors,Gloverstad,YO11 7UM,United Kingdom
39364050,2023/2/2,Cancelled,53757584,8323 Rachael Lights,West Jonathan,W34 7BY,United Kingdom
48128274,2024/7/18,Shipped,89138041,705 Stacey Drive,Brandyshire,SW70 1NF,United Kingdom
12613529,2023/6/15,Delivered,62441428,3796 Thomas Isle,Nathanielmouth,NW44 5SX,United Kingdom
54634030,2024/6/19,Delivered,22485397,4871 Deanna Circles,Lake Davidhaven,WC14 9EP,United Kingdom
11907460,2023/7/17,Pending,84995390,33577 Anderson Mountain,East Kristen,W9 1CS,United Kingdom
21998224,2024/10/9,Cancelled,26433890,56018 Young Stravenue,Lake Jamieview,NE21 3EV,United Kingdom
64456185,2023/4/4,Delivered,40570791,051 Christopher Mountain,Grahamfurt,YO60 3BJ,United Kingdom
75205582,2023/5/20,Delivered,78086179,7693 Garcia Cliff,Emilyview,SE48 7VL,United Kingdom
34755567,2023/5/22,Shipped,19398715,700 Gutierrez Shoals,Randallview,G45 0JC,United Kingdom
88176089,2023/4/1,Delivered,18039682,86139 Stephanie Pass,Dunnborough,EH66 5UE,United Kingdom
45332803,2024/6/2,Shipped,47745152,17144 Lane Rapid,East Ann,NE75 9MY,United Kingdom
79579223,2023/7/6,Pending,85995120,302 Walton Hills,West Vickieland,EH44 3TO,United Kingdom
43007718,2024/9/9,Pending,52773572,91850 Stephen Village,West Hollyhaven,L87 2PR,United Kingdom
44768864,2023/8/22,Shipped,19808203,64146 Hart Club,South Philipberg,SE41 7NJ,United Kingdom
69875861,2023/2/5,Shipped,96898030,8863 Fleming Springs,North Maryland,W53 4IE,United Kingdom
39699868,2023/12/16,Cancelled,72261105,1453 Cooper Terrace,Marytown,DE13 3HK,United Kingdom
83744919,2024/6/16,Delivered,65861763,1798 Bullock Lights,North Bryanshire,SE80 6AH,United Kingdom
33025175,2024/12/14,Cancelled,46485946,92708 James Valleys,Port Kenneth,AB68 1BG,United Kingdom
48299857,2024/7/29,Delivered,87174877,0404 Summers Islands,North Wendyhaven,DE33 7HH,United Kingdom
80641103,2023/3/21,Shipped,93039995,228 Jones Route,South William,W59 5SY,United Kingdom
58412169,2024/9/26,Delivered,61285086,37142 Stephanie Plain,Port Allisonton,DE31 6KX,United Kingdom
41702350,2023/5/30,Shipped,74822637,13499 Jacob Summit,Walkerstad,EH30 9WO,United Kingdom
47972972,2023/9/16,Delivered,82269781,7073 Steve Plains,North Allisonton,L7 0SQ,United Kingdom
57183860,2024/11/24,Shipped,97298534,5428 Stewart Rue,West Crystal,EH29 1HP,United Kingdom
88765405,2024/10/30,Delivered,94042217,64507 Anthony Brook,East Danielberg,W63 4QV,United Kingdom
91037662,2023/9/15,Delivered,19808203,64146 Hart Club,South Philipberg,SE41 7NJ,United Kingdom
79298379,2023/9/15,Pending,63448387,8314 Taylor Keys,Williamhaven,NW53 1UW,United Kingdom
77865346,2023/4/24,Pending,60763118,70135 Jennifer Mountains,Jasonside,M96 0EK,United Kingdom
18837019,2023/7/30,Pending,26916721,56717 Shelton Parks,North Jeffrey,M57 8ZN,United Kingdom
50902113,2023/1/2,Cancelled,62320692,34667 Moore Stream,Gardnerberg,CF72 6OW,United Kingdom
79066664,2023/9/22,Shipped,13887085,39491 Bailey Manors,South Brian,BT17 2BB,United Kingdom
11940590,2024/11/21,Shipped,42729344,03276 Veronica Terrace,Jamesfort,SW33 8FF,United Kingdom
12422299,2023/7/23,Cancelled,26183689,12304 Thomas Inlet,Mitchellmouth,NW36 1YR,United Kingdom
30193796,2023/8/30,Cancelled,64178584,919 Matthew Valley,Hoganmouth,DE68 5DG,United Kingdom
79467549,2024/4/5,Shipped,98022626,5690 Conner Curve,Johnstonmouth,G88 1PH,United Kingdom
96969516,2023/7/3,Cancelled,53197301,112 Timothy Highway,Port Gabrielleton,W61 5UB,United Kingdom
59367859,2023/7/22,Pending,61903748,7807 Heidi Circle,New Patrick,NW42 2UV,United Kingdom
51616891,2023/3/20,Shipped,62459960,2827 Jones Mission,Lindseystad,NW32 0DA,United Kingdom
86058644,2023/11/6,Shipped,78419881,884 Jerry Glens,North Erin,G8 4SS,United Kingdom
51669724,2024/1/19,Delivered,58410433,848 Jay Meadows,Port Dalefort,SW12 3LY,United Kingdom
21688369,2024/3/10,Shipped,17550494,681 Brown Streets,Port Catherine,G51 8AS,United Kingdom
92099493,2024/3/25,Cancelled,89332625,2655 William Roads,Justinfurt,M83 4XP,United Kingdom
53037996,2024/4/20,Pending,97298534,5428 Stewart Rue,West Crystal,EH29 1HP,United Kingdom
51834622,2023/4/27,Shipped,87298440,1096 Williams Dale,Shahfort,EH83 8NN,United Kingdom
25843018,2024/1/28,Shipped,42906635,17231 Bell Harbors,Christopherstad,AB92 7AA,United Kingdom
47811371,2023/10/3,Shipped,63588085,533 Ramirez Mill,South Kennethville,L89 7CS,United Kingdom
15290271,2023/12/12,Pending,38836809,0897 Burch Pike,East Amanda,SW89 7XN,United Kingdom
53995650,2024/7/12,Delivered,80874480,393 Erin Squares,Christineville,M75 3HJ,United Kingdom
72460354,2023/12/10,Shipped,49674090,66192 Michael Canyon,Laneville,SW24 0LT,United Kingdom
15020327,2023/12/2,Delivered,46605557,6010 Miller Motorway,Kennethland,YO15 1TK,United Kingdom
93567970,2023/5/19,Cancelled,40570791,051 Christopher Mountain,Grahamfurt,YO60 3BJ,United Kingdom
39150175,2024/4/21,Delivered,97949374,2732 Hanson Hills,Port Susanfurt,YO10 6HP,United Kingdom
48980423,2023/12/6,Shipped,35104402,547 Black Corner,West Nicole,SW42 5HW,United Kingdom
53031194,2024/1/25,Shipped,56610629,46060 Michelle View,Haleyfort,EH52 4VO,United Kingdom
10303920,2024/2/19,Shipped,45738761,0775 Powers Spring,South Erinview,G27 3XY,United Kingdom
94671014,2024/5/30,Pending,71216533,604 Hickman Points,Fraziershire,CF49 5DZ,United Kingdom
25542102,2023/10/8,Delivered,88346785,6989 Simon Mount,New Kristin,G73 0IK,United Kingdom
48986427,2024/1/13,Shipped,21335466,61831 Phillip Vista,Bethanyside,AB14 7PL,United Kingdom
40337616,2023/7/8,Delivered,99384873,35549 Cameron Harbor,South Claire,EH57 5WL,United Kingdom
79337729,2024/11/17,Shipped,61285086,37142 Stephanie Plain,Port Allisonton,DE31 6KX,United Kingdom
86392593,2023/1/3,Cancelled,48626068,69940 Williams Inlet,Juliestad,DE38 5MY,United Kingdom
31310507,2024/3/21,Pending,44533807,1938 Thomas Wall,West Susan,M56 1BO,United Kingdom
97152169,2023/12/26,Pending,89610425,502 Eric Junction,Leeside,W50 2LV,United Kingdom
42996655,2023/8/6,Pending,89332625,2655 William Roads,Justinfurt,M83 4XP,United Kingdom
57247751,2024/11/15,Pending,33064901,7866 Kelly Highway,East Lisafurt,CF17 7RE,United Kingdom
95404612,2023/12/10,Shipped,70311265,9082 Timothy Spurs,Port Josephland,M6 7WS,United Kingdom
70893633,2023/1/23,Cancelled,64994354,399 Angela Spurs,South Jason,BT17 4VW,United Kingdom
18260633,2024/7/1,Cancelled,80396084,895 Michelle Ridge,Barnesside,W82 1XF,United Kingdom
13700393,2024/9/10,Shipped,67259829,79996 Robert Center,Reidborough,AB74 1AU,United Kingdom
20578213,2024/9/14,Delivered,11938386,1924 Michael Inlet,South Barbara,G96 5AQ,United Kingdom
82422605,2023/8/27,Cancelled,13887085,39491 Bailey Manors,South Brian,BT17 2BB,United Kingdom
57249198,2024/10/2,Cancelled,25146498,45949 Solomon Overpass,Stevensonland,WC69 4LK,United Kingdom
40420159,2024/11/12,Pending,59585113,82374 Wright Lodge,North Dannyport,SW86 1RY,United Kingdom
84919789,2023/8/30,Shipped,58823259,45114 Hutchinson Course,Andrewview,CF3 2CO,United Kingdom
85281042,2024/1/17,Shipped,17892778,586 Nicholas Corners,Davidstad,L67 3EG,United Kingdom
34414804,2023/7/25,Pending,41340726,513 Fletcher Keys,South Chaseshire,NE17 9PV,United Kingdom
72865585,2023/7/13,Shipped,34939076,149 Collin Course,New Timothytown,SW79 9RY,United Kingdom
84883164,2023/3/16,Shipped,94163682,1397 James Fork,South Mitchellchester,L84 7FS,United Kingdom
26554015,2024/2/16,Pending,90581438,03822 Ramirez Ports,Bergland,M71 0OW,United Kingdom
54297045,2023/7/31,Pending,18775477,27539 Emily Well,New Gordon,AB23 9YO,United Kingdom
85025283,2024/6/30,Pending,63364852,4149 Jeremy Lights,Watkinston,L82 4JU,United Kingdom
90472807,2024/8/5,Delivered,98342331,27228 Acosta Gardens,South Jessicaside,L62 0ZG,United Kingdom
65706490,2023/2/2,Pending,69050806,857 Sullivan Via,Lake Yvonne,EH41 7QU,United Kingdom
73623227,2024/12/30,Pending,32245056,4726 Franklin Park,Davisland,BT45 9MS,United Kingdom
81087311,2024/3/20,Cancelled,94087406,4697 Makayla Roads,Kimberlystad,W98 0QL,United Kingdom
69843890,2023/7/2,Cancelled,18441215,459 Julie Land,Keithview,YO90 6TU,United Kingdom
96992228,2023/4/4,Pending,23184994,8337 Shelly Terrace,Lake Lisa,NW98 1TF,United Kingdom
56520833,2023/10/26,Cancelled,94042217,64507 Anthony Brook,East Danielberg,W63 4QV,United Kingdom
26204304,2024/6/19,Shipped,96877836,987 Woods Port,Port Timothy,G95 6LB,United Kingdom
77930359,2024/12/8,Shipped,42729344,03276 Veronica Terrace,Jamesfort,SW33 8FF,United Kingdom
20598647,2024/3/14,Pending,71216533,604 Hickman Points,Fraziershire,CF49 5DZ,United Kingdom
47149433,2024/5/8,Shipped,51790067,72385 Matthew Causeway,Rogershire,NW12 2TZ,United Kingdom
92589433,2023/8/24,Delivered,91457907,691 Robinson Roads,Andrewborough,BT22 2UA,United Kingdom
53334932,2023/9/5,Pending,65679461,82606 Jones Hollow,North Christina,M47 9LR,United Kingdom
17911149,2023/6/11,Pending,22995373,9912 Lewis Glen,New Rebecca,DE80 5WL,United Kingdom
63578814,2023/12/19,Shipped,21703910,1871 Joshua Trace,Lake Laura,DE30 9XX,United Kingdom
74323922,2023/4/5,Cancelled,16524594,355 Jorge Lodge,Englishton,EH49 5CD,United Kingdom
56673588,2024/3/22,Cancelled,62441428,3796 Thomas Isle,Nathanielmouth,NW44 5SX,United Kingdom
68808307,2024/10/20,Cancelled,70030116,333 Garcia Haven,Port Mark,NW39 9RA,United Kingdom
82843711,2024/12/20,Cancelled,77705023,2718 Austin Meadows,Wattsville,YO48 6QR,United Kingdom
48745292,2024/10/13,Cancelled,41025470,9985 Rios Station,Lake Cynthia,BT95 7DQ,United Kingdom
20050047,2023/3/1,Shipped,98293343,89321 Carol Road,New Crystal,SW18 9NK,United Kingdom
92900481,2023/6/26,Shipped,38230615,8908 Jennifer Cape,Kennethside,SE15 7MX,United Kingdom
46355184,2023/2/9,Delivered,92768230,72179 Kelsey Shoals,Seanchester,W62 6JJ,United Kingdom
63514101,2023/3/1,Pending,74695362,025 Walker Locks,Port Benjaminshire,W60 4WG,United Kingdom
64150994,2024/9/27,Delivered,41957499,294 Luna Valleys,New Amyville,M74 5IA,United Kingdom
66917484,2024/2/5,Pending,22682375,370 Reynolds Dale,Palmerland,W44 4HH,United Kingdom
35303765,2023/9/2,Delivered,20974307,65718 Cole Fords,Suzannetown,CF15 8VG,United Kingdom
25210851,2024/2/9,Cancelled,58410433,848 Jay Meadows,Port Dalefort,SW12 3LY,United Kingdom
47211276,2024/1/10,Cancelled,49536372,12540 Mary Tunnel,South Josephton,YO82 5MD,United Kingdom
18659973,2024/1/23,Shipped,40354010,87869 Gonzalez Field,Jamesberg,BT32 3KS,United Kingdom
70314111,2024/10/11,Pending,55664628,473 Dawn Alley,Port Ryan,WC51 4UI,United Kingdom
96063225,2023/10/15,Shipped,15371943,943 Mary Park,Woodside,EH99 7GH,United Kingdom
71904216,2024/3/23,Delivered,94804891,02525 Michael Plains,Brendaberg,L73 3EO,United Kingdom
15987412,2023/12/9,Pending,82269781,7073 Steve Plains,North Allisonton,L7 0SQ,United Kingdom
35857565,2023/7/18,Cancelled,66984409,1363 Andrew Pass,Johntown,CF68 7LI,United Kingdom
72751521,2024/7/7,Delivered,41456157,144 Lauren Roads,West Michele,SW48 2SX,United Kingdom
28763573,2023/9/30,Cancelled,74588960,069 Green Ford,Lake Juanville,BT52 4FK,United Kingdom
54605864,2023/9/2,Cancelled,83951399,72664 Cherry Locks,Stewartberg,WC61 4LI,United Kingdom
35704093,2024/2/10,Cancelled,52279601,5343 Obrien Row,South Barbaraberg,YO91 9SB,United Kingdom
79432592,2023/3/7,Delivered,48578299,457 Green Meadows,South Matthew,G45 8QD,United Kingdom
79886244,2024/10/23,Delivered,44492780,9398 Russell Forges,Lake Bradleychester,EH2 0WB,United Kingdom
74672553,2023/12/21,Shipped,70197732,86670 Johnson Crescent,Lopezview,SE23 1HB,United Kingdom
33312176,2023/5/12,Delivered,58320021,1451 Patel Street,North Jessica,CF10 2SD,United Kingdom
87241816,2023/12/23,Delivered,52014379,3863 Ortega Forges,Christophershire,NW85 6WD,United Kingdom
72221670,2024/10/13,Delivered,25596761,0694 Smith Drive,North Andrew,NW51 2HH,United Kingdom
56816404,2023/3/29,Shipped,84400237,1501 Holland Groves,Jennaview,M90 1QI,United Kingdom
34732495,2024/2/23,Delivered,64350719,3917 Jordan Neck,Smithview,YO73 6AI,United Kingdom
41957078,2023/7/4,Cancelled,26433890,56018 Young Stravenue,Lake Jamieview,NE21 3EV,United Kingdom
14703156,2024/7/23,Pending,15280882,7127 Smith Oval,Branchview,EH91 7ZO,United Kingdom
91817574,2023/7/9,Delivered,98891214,749 James Points,Port Tammy,SW25 0UY,United Kingdom
59438102,2023/5/15,Cancelled,38451266,48733 Beth Estate,North Sherristad,YO18 2JM,United Kingdom
62665489,2023/6/17,Cancelled,98342331,27228 Acosta Gardens,South Jessicaside,L62 0ZG,United Kingdom
92814781,2024/9/19,Cancelled,62563422,7280 Mann Lodge,Lake Matthew,SE37 7NW,United Kingdom
53375403,2023/1/22,Cancelled,66458710,9906 Vincent Path,Lambtown,M51 5LN,United Kingdom
11413735,2023/9/27,Shipped,52773572,91850 Stephen Village,West Hollyhaven,L87 2PR,United Kingdom
48282041,2023/12/1,Shipped,98022626,5690 Conner Curve,Johnstonmouth,G88 1PH,United Kingdom
81003815,2023/3/6,Pending,81939344,874 Elizabeth Forge,East Heatherfurt,SW16 8WJ,United Kingdom
59886078,2024/12/22,Delivered,11034021,13266 Campos Fort,North Mariahshire,L12 5RF,United Kingdom
65079371,2024/5/11,Pending,98891214,749 James Points,Port Tammy,SW25 0UY,United Kingdom
14698908,2023/7/20,Pending,64465456,4874 Amy Burgs,Loganmouth,DE10 2GI,United Kingdom
89996745,2023/6/16,Delivered,56131866,475 Michael Crescent,Lake Logan,AB14 3NQ,United Kingdom
45362698,2023/5/25,Shipped,77222172,2594 Cherry Vista,Williamberg,DE42 9IA,United Kingdom
28916258,2023/8/30,Shipped,84777014,868 Maria Plains,East Charles,M21 2MX,United Kingdom
74089034,2024/11/26,Pending,85481264,5959 Billy Mission,West Michael,SW55 2CN,United Kingdom
93702125,2023/12/28,Cancelled,25596761,0694 Smith Drive,North Andrew,NW51 2HH,United Kingdom
57239053,2023/10/30,Delivered,20695394,5563 Rice Port,Wesleyfort,DE51 7VC,United Kingdom
72763283,2023/5/19,Delivered,50009812,1894 Samantha Union,Patriciaview,NE37 2QU,United Kingdom
83449953,2023/11/11,Cancelled,31333044,8974 Carrie Forges,Leblancburgh,G86 5BP,United Kingdom
89704575,2024/12/17,Shipped,49254256,9639 Nicole Light,Barryborough,YO66 2II,United Kingdom
38264957,2024/10/24,Pending,23184994,8337 Shelly Terrace,Lake Lisa,NW98 1TF,United Kingdom
33011362,2024/4/13,Cancelled,17550494,681 Brown Streets,Port Catherine,G51 8AS,United Kingdom
86794014,2023/3/13,Delivered,60593300,026 Moore Meadows,Candicefurt,W82 5WP,United Kingdom
41530851,2024/11/12,Pending,88553564,05789 Fox Glens,Mckenzieport,G81 8HX,United Kingdom
83262001,2024/4/14,Cancelled,15581914,059 Jennifer Ramp,South Michael,NE80 7PE,United Kingdom
98727408,2023/4/3,Pending,51183470,1869 Stark Squares,Anthonyport,M31 9HF,United Kingdom
10791375,2024/11/15,Pending,66343671,797 John Summit,South Morgan,DE47 9KO,United Kingdom
52420510,2024/8/4,Cancelled,49674090,66192 Michael Canyon,Laneville,SW24 0LT,United Kingdom
99365296,2023/2/13,Delivered,58320021,1451 Patel Street,North Jessica,CF10 2SD,United Kingdom
24495185,2024/8/11,Pending,87232636,419 Alvarado Ridge,Warnerton,EH21 2XH,United Kingdom
40205376,2024/7/11,Shipped,82682857,6156 Stone Keys,New Charles,W35 5QA,United Kingdom
41134197,2023/6/5,Delivered,97949374,2732 Hanson Hills,Port Susanfurt,YO10 6HP,United Kingdom
37110338,2024/7/11,Cancelled,93039995,228 Jones Route,South William,W59 5SY,United Kingdom
77232879,2023/9/13,Shipped,67750464,95568 Nelson Summit,Bellfurt,CF74 8NW,United Kingdom
56854463,2023/4/5,Shipped,43601023,7935 Thompson Hill,Thomasfurt,W49 7VY,United Kingdom
32818357,2024/8/31,Delivered,41821486,294 Donna Drive,South Donnamouth,BT31 4VC,United Kingdom
74999567,2023/8/21,Delivered,66028494,045 Martin Trace,Johnsonberg,WC14 0MX,United Kingdom
19237985,2024/2/3,Cancelled,22042358,280 Smith Grove,Mistyburgh,L74 0MI,United Kingdom
83762346,2023/12/25,Shipped,44606601,9392 Todd Radial,East Angelafort,G43 8RM,United Kingdom
42587176,2023/1/28,Delivered,39909657,54525 Kevin Oval,Port William,L72 1WF,United Kingdom
77126425,2023/12/29,Pending,44533807,1938 Thomas Wall,West Susan,M56 1BO,United Kingdom
28078368,2024/10/3,Pending,70705874,01108 Jose Stream,West Lee,EH87 0PK,United Kingdom
12007602,2023/1/17,Delivered,44402316,7431 Brandon Meadows,Portermouth,NE23 8UQ,United Kingdom
28499987,2023/9/30,Pending,40020058,22993 Jones Squares,New Brian,NE87 2KB,United Kingdom
70100678,2024/10/26,Shipped,33392302,7011 Thompson Ranch,Hammondstad,NW1 2LA,United Kingdom
75904763,2024/9/1,Cancelled,17816178,054 Thomas Crest,South Jonathan,NE26 4KC,United Kingdom
31943537,2023/11/17,Pending,82908952,2716 Smith Streets,North Nancy,NE29 9KU,United Kingdom
30613032,2024/10/29,Delivered,72261105,1453 Cooper Terrace,Marytown,DE13 3HK,United Kingdom
32090167,2024/8/17,Shipped,43681492,0131 Bryan Row,Maryton,G72 8XY,United Kingdom
55141635,2023/9/3,Pending,75919423,2697 Natalie Avenue,West Davidfurt,L51 1JX,United Kingdom
61697830,2023/11/12,Delivered,69826861,628 Jeanette Way,East Annette,SW26 1EQ,United Kingdom
81369798,2024/3/2,Cancelled,90272562,882 Kenneth Mountains,Port Bonniemouth,SW69 6CM,United Kingdom
89531504,2023/1/28,Cancelled,55172141,8764 William Fords,Murphybury,EH45 9KW,United Kingdom
24735010,2024/4/9,Shipped,21303742,0617 Johnson Street,North Lisa,W94 1PE,United Kingdom
11725203,2024/9/9,Shipped,95134199,00246 Glass Cliff,Cassandraside,AB32 0BL,United Kingdom
79154010,2023/10/13,Pending,47774175,6247 Karen Ferry,New Meganville,SE75 4CR,United Kingdom
22383401,2024/1/22,Shipped,53197301,112 Timothy Highway,Port Gabrielleton,W61 5UB,United Kingdom
52142233,2023/8/7,Cancelled,61285086,37142 Stephanie Plain,Port Allisonton,DE31 6KX,United Kingdom
21959587,2023/2/15,Pending,40550965,987 Juan Parkways,South Sarahberg,NE72 3OF,United Kingdom
46719072,2023/6/15,Cancelled,93039995,228 Jones Route,South William,W59 5SY,United Kingdom
30023342,2024/1/13,Pending,36401000,4414 Brandon Lock,North Brandy,NE56 6WP,United Kingdom
35690056,2024/6/20,Delivered,85481264,5959 Billy Mission,West Michael,SW55 2CN,United Kingdom
61883702,2024/2/26,Cancelled,52388655,07836 Johnson Radial,Bradfordside,CF91 4MW,United Kingdom
49103072,2024/7/16,Cancelled,49536372,12540 Mary Tunnel,South Josephton,YO82 5MD,United Kingdom
38443296,2024/9/22,Shipped,93451828,0488 Ryan Squares,West Danielleport,WC21 1IZ,United Kingdom
17510329,2023/12/21,Pending,18441215,459 Julie Land,Keithview,YO90 6TU,United Kingdom
93998710,2024/12/7,Pending,30563516,39218 Tyler Passage,West Lawrence,DE63 1TO,United Kingdom
61611351,2024/8/8,Cancelled,22826039,524 Chase Track,Richardland,L42 5DF,United Kingdom
70133805,2023/1/11,Pending,39777057,926 Lane Path,Port Donna,SW17 9KL,United Kingdom
59284862,2023/6/21,Pending,75393202,60776 Timothy Mission,Jamesfurt,L84 0AJ,United Kingdom
34534980,2024/3/11,Shipped,51183470,1869 Stark Squares,Anthonyport,M31 9HF,United Kingdom
52820074,2023/1/24,Pending,70197732,86670 Johnson Crescent,Lopezview,SE23 1HB,United Kingdom
14770794,2024/1/4,Pending,66984409,1363 Andrew Pass,Johntown,CF68 7LI,United Kingdom
24812165,2024/2/25,Shipped,91954839,2338 Burns Cliff,West Melissa,NE37 4UH,United Kingdom
63152389,2023/10/31,Delivered,44606601,9392 Todd Radial,East Angelafort,G43 8RM,United Kingdom
71314996,2023/3/15,Shipped,76682325,680 Dylan Fork,Gillespiemouth,BT2 0TP,United Kingdom
65998367,2023/3/4,Delivered,20326493,0033 Martinez Square,West Joshua,NW63 0VD,United Kingdom
72598273,2023/2/5,Cancelled,26751603,5034 Johnson Islands,West Allison,NE92 1ZZ,United Kingdom
13197102,2023/1/15,Shipped,96168449,53025 Gary Estates,Villanuevamouth,DE66 6BR,United Kingdom
55044363,2024/3/2,Shipped,64119946,803 Raymond Plains,New Michael,EH47 5JF,United Kingdom
68151628,2023/6/23,Pending,42330015,6430 Brenda Ridges,Tonyside,BT92 5JS,United Kingdom
35262257,2023/3/3,Pending,50716597,4610 Wilcox Greens,Berryfurt,SE5 6RI,United Kingdom
76734354,2023/4/26,Pending,45842237,89682 Denise Rapids,Wileybury,YO49 9ZG,United Kingdom
85382288,2023/4/18,Pending,33392302,7011 Thompson Ranch,Hammondstad,NW1 2LA,United Kingdom
49103902,2024/7/21,Pending,15363792,84399 Parrish Harbor,Ashleyfurt,NW53 5DM,United Kingdom
24502155,2024/9/4,Shipped,41821486,294 Donna Drive,South Donnamouth,BT31 4VC,United Kingdom
88957004,2024/9/7,Shipped,36401000,4414 Brandon Lock,North Brandy,NE56 6WP,United Kingdom
99108206,2023/12/30,Delivered,43232358,02096 Clayton Crossroad,South Christopher,SW41 3AN,United Kingdom
43255144,2024/4/19,Delivered,45675716,9350 Andrew Inlet,Jonesland,YO42 4JJ,United Kingdom
73986728,2023/11/27,Delivered,58618318,397 Holland Mission,East Matthew,DE94 4NC,United Kingdom
11811414,2023/11/24,Delivered,96375675,73535 Gross Loaf,Marshallhaven,CF43 1LO,United Kingdom
61458434,2024/12/14,Pending,44533807,1938 Thomas Wall,West Susan,M56 1BO,United Kingdom
71697358,2024/5/20,Pending,78159383,997 Susan Landing,East Danielport,SE35 0MV,United Kingdom
57241366,2024/11/25,Delivered,38338853,046 Nicholas Court,Lake Holly,M86 5LT,United Kingdom
62744538,2023/2/25,Shipped,77018494,39164 Delgado Cliff,New Tiffanymouth,AB27 3BB,United Kingdom
98160198,2023/8/20,Cancelled,51183470,1869 Stark Squares,Anthonyport,M31 9HF,United Kingdom
37373524,2023/6/28,Delivered,39909657,54525 Kevin Oval,Port William,L72 1WF,United Kingdom
84232813,2024/12/8,Delivered,65186477,921 Tate Village,New Clifford,NE72 3ED,United Kingdom
54346922,2023/2/22,Pending,72225583,94541 Oneill Loop,Huertatown,EH62 6JN,United Kingdom
77077686,2024/3/8,Pending,17518733,2588 Brittany Roads,Combsshire,SE20 8AE,United Kingdom
28708991,2024/7/14,Cancelled,62563422,7280 Mann Lodge,Lake Matthew,SE37 7NW,United Kingdom
95859407,2024/1/20,Pending,93031119,45628 Amanda Haven,Jordanside,SE90 1OH,United Kingdom
42500518,2023/12/4,Shipped,58618318,397 Holland Mission,East Matthew,DE94 4NC,United Kingdom
58525156,2024/3/29,Pending,63711420,816 Miguel Flat,Port Kathrynburgh,YO63 0BC,United Kingdom
23139887,2023/10/2,Shipped,32524654,37878 Williamson Light,Rhodesburgh,YO68 7ST,United Kingdom
40694003,2023/3/8,Shipped,52388655,07836 Johnson Radial,Bradfordside,CF91 4MW,United Kingdom
56493803,2023/12/15,Shipped,99384873,35549 Cameron Harbor,South Claire,EH57 5WL,United Kingdom
61906789,2023/7/13,Shipped,14767701,69571 Melissa Club,Kellyside,EH51 2MA,United Kingdom
97972421,2023/6/28,Pending,36032457,9932 Bush Branch,Rickyborough,M4 1KX,United Kingdom
14494264,2023/12/22,Shipped,31106711,7253 Kristin Viaduct,West Jason,G67 5BS,United Kingdom
47594756,2024/6/17,Shipped,58747056,9826 Martin Harbor,Karamouth,CF86 6EV,United Kingdom
45245165,2024/1/22,Pending,44492780,9398 Russell Forges,Lake Bradleychester,EH2 0WB,United Kingdom
21842517,2023/5/6,Pending,65969409,5044 Pamela Pike,Mirandaport,NE29 3LC,United Kingdom
13819928,2024/4/20,Pending,38338853,046 Nicholas Court,Lake Holly,M86 5LT,United Kingdom
82565323,2023/6/18,Pending,15363792,84399 Parrish Harbor,Ashleyfurt,NW53 5DM,United Kingdom
14186613,2023/8/12,Pending,47839835,35375 Brittany Mountain,New Peter,NW60 8IV,United Kingdom
93276717,2023/5/6,Shipped,47839835,35375 Brittany Mountain,New Peter,NW60 8IV,United Kingdom
74686753,2024/11/16,Cancelled,47839835,35375 Brittany Mountain,New Peter,NW60 8IV,United Kingdom
41335045,2024/5/7,Shipped,47839835,35375 Brittany Mountain,New Peter,NW60 8IV,United Kingdom
53085913,2024/8/5,Pending,22042358,280 Smith Grove,Mistyburgh,L74 0MI,United Kingdom
41414665,2024/6/11,Shipped,22042358,280 Smith Grove,Mistyburgh,L74 0MI,United Kingdom
87626256,2023/1/7,Cancelled,22042358,280 Smith Grove,Mistyburgh,L74 0MI,United Kingdom
77692643,2024/1/7,Cancelled,86910305,5951 Hunt Overpass,Lake Amyside,WC48 0ZA,United Kingdom
31336298,2024/11/16,Cancelled,86910305,5951 Hunt Overpass,Lake Amyside,WC48 0ZA,United Kingdom
31835391,2023/6/11,Delivered,26286750,4618 Kathleen Via,North Tamara,DE28 9PM,United Kingdom
85988141,2024/6/6,Delivered,26286750,4618 Kathleen Via,North Tamara,DE28 9PM,United Kingdom
14105737,2023/10/9,Delivered,35076716,77698 Laura Parks,Lake Adammouth,CF73 2JM,United Kingdom
87681357,2024/4/19,Shipped,35076716,77698 Laura Parks,Lake Adammouth,CF73 2JM,United Kingdom
33227712,2023/8/22,Pending,35076716,77698 Laura Parks,Lake Adammouth,CF73 2JM,United Kingdom
81212304,2024/9/30,Delivered,42330015,6430 Brenda Ridges,Tonyside,BT92 5JS,United Kingdom
26471235,2023/10/31,Delivered,42330015,6430 Brenda Ridges,Tonyside,BT92 5JS,United Kingdom
29139301,2024/1/8,Shipped,42330015,6430 Brenda Ridges,Tonyside,BT92 5JS,United Kingdom
40260677,2023/9/5,Shipped,39777057,926 Lane Path,Port Donna,SW17 9KL,United Kingdom
51567326,2024/6/8,Cancelled,39777057,926 Lane Path,Port Donna,SW17 9KL,United Kingdom
34120514,2023/5/8,Cancelled,39777057,926 Lane Path,Port Donna,SW17 9KL,United Kingdom
73147150,2023/7/16,Delivered,39777057,926 Lane Path,Port Donna,SW17 9KL,United Kingdom
49087568,2024/7/27,Shipped,39777057,926 Lane Path,Port Donna,SW17 9KL,United Kingdom
85012101,2024/6/14,Shipped,20900777,514 Foley Heights,Hartton,W7 5FB,United Kingdom
92936839,2024/4/7,Shipped,20900777,514 Foley Heights,Hartton,W7 5FB,United Kingdom
59463430,2023/6/10,Delivered,91342616,3114 Nelson Brooks,South Jeffhaven,SW2 4PE,United Kingdom
86714697,2023/11/12,Pending,91342616,3114 Nelson Brooks,South Jeffhaven,SW2 4PE,United Kingdom
18136638,2023/7/31,Pending,84995390,33577 Anderson Mountain,East Kristen,W9 1CS,United Kingdom
56139940,2023/12/20,Delivered,84995390,33577 Anderson Mountain,East Kristen,W9 1CS,United Kingdom
93442079,2023/12/27,Shipped,84995390,33577 Anderson Mountain,East Kristen,W9 1CS,United Kingdom
64593754,2023/12/22,Pending,84995390,33577 Anderson Mountain,East Kristen,W9 1CS,United Kingdom
18045489,2023/6/24,Shipped,46605557,6010 Miller Motorway,Kennethland,YO15 1TK,United Kingdom
25564021,2023/11/26,Shipped,46605557,6010 Miller Motorway,Kennethland,YO15 1TK,United Kingdom
48612178,2023/12/4,Delivered,82682857,6156 Stone Keys,New Charles,W35 5QA,United Kingdom
10794708,2023/1/11,Delivered,82682857,6156 Stone Keys,New Charles,W35 5QA,United Kingdom
24807114,2023/8/30,Cancelled,82682857,6156 Stone Keys,New Charles,W35 5QA,United Kingdom
55795064,2023/2/10,Cancelled,82682857,6156 Stone Keys,New Charles,W35 5QA,United Kingdom
63041367,2023/10/19,Delivered,82682857,6156 Stone Keys,New Charles,W35 5QA,United Kingdom
91796690,2024/8/13,Pending,59627058,94146 Alison Crest,Victorside,L40 0EK,United Kingdom
10721411,2024/9/29,Pending,59627058,94146 Alison Crest,Victorside,L40 0EK,United Kingdom
84307993,2023/2/22,Delivered,59627058,94146 Alison Crest,Victorside,L40 0EK,United Kingdom
82308095,2023/12/9,Cancelled,59627058,94146 Alison Crest,Victorside,L40 0EK,United Kingdom
27414347,2023/3/8,Cancelled,58823259,45114 Hutchinson Course,Andrewview,CF3 2CO,United Kingdom
82039295,2023/12/18,Delivered,58823259,45114 Hutchinson Course,Andrewview,CF3 2CO,United Kingdom
95462947,2024/7/28,Cancelled,58823259,45114 Hutchinson Course,Andrewview,CF3 2CO,United Kingdom
50171961,2024/8/16,Shipped,21303742,0617 Johnson Street,North Lisa,W94 1PE,United Kingdom
48176951,2024/6/2,Cancelled,21303742,0617 Johnson Street,North Lisa,W94 1PE,United Kingdom
84927959,2024/5/26,Shipped,50387005,698 Edwards Shoals,North Joseph,G8 0CP,United Kingdom
51148645,2024/6/7,Cancelled,50387005,698 Edwards Shoals,North Joseph,G8 0CP,United Kingdom
63793720,2024/6/26,Delivered,14767701,69571 Melissa Club,Kellyside,EH51 2MA,United Kingdom
47964094,2023/11/5,Shipped,14767701,69571 Melissa Club,Kellyside,EH51 2MA,United Kingdom
22990717,2024/11/8,Cancelled,17518733,2588 Brittany Roads,Combsshire,SE20 8AE,United Kingdom
74278635,2023/4/10,Pending,17518733,2588 Brittany Roads,Combsshire,SE20 8AE,United Kingdom
13352298,2024/7/21,Delivered,17518733,2588 Brittany Roads,Combsshire,SE20 8AE,United Kingdom
29572501,2024/2/16,Cancelled,16103248,83799 Alicia Gateway,New Leahbury,AB90 8ZR,United Kingdom
37649382,2023/11/27,Delivered,16103248,83799 Alicia Gateway,New Leahbury,AB90 8ZR,United Kingdom
28020158,2024/6/25,Shipped,16103248,83799 Alicia Gateway,New Leahbury,AB90 8ZR,United Kingdom
86639265,2024/11/12,Cancelled,33166541,36673 Michael Spring,North Curtis,CF91 6HT,United Kingdom
61766655,2023/11/24,Shipped,33166541,36673 Michael Spring,North Curtis,CF91 6HT,United Kingdom
77956690,2024/9/2,Pending,33166541,36673 Michael Spring,North Curtis,CF91 6HT,United Kingdom
79413860,2023/8/21,Cancelled,33166541,36673 Michael Spring,North Curtis,CF91 6HT,United Kingdom
97687280,2024/6/8,Shipped,12521928,3110 Johnson Falls,Port Joel,BT49 0VX,United Kingdom
68489058,2024/2/7,Shipped,12521928,3110 Johnson Falls,Port Joel,BT49 0VX,United Kingdom
34239214,2024/9/22,Cancelled,12521928,3110 Johnson Falls,Port Joel,BT49 0VX,United Kingdom
73137304,2023/4/20,Delivered,12521928,3110 Johnson Falls,Port Joel,BT49 0VX,United Kingdom
55938680,2024/9/17,Shipped,76199727,407 Kevin Inlet,Boydhaven,SW63 8BG,United Kingdom
59551529,2023/1/31,Pending,76199727,407 Kevin Inlet,Boydhaven,SW63 8BG,United Kingdom
35921977,2023/5/12,Cancelled,32561128,0552 Murray Run,Port Krystal,BT62 1VU,United Kingdom
74693195,2023/7/2,Delivered,32561128,0552 Murray Run,Port Krystal,BT62 1VU,United Kingdom
51440693,2024/1/25,Pending,85560573,076 Ramirez Vista,Gilbertfurt,G3 8CZ,United Kingdom
71868789,2024/8/15,Pending,85560573,076 Ramirez Vista,Gilbertfurt,G3 8CZ,United Kingdom
15516768,2023/2/5,Delivered,85560573,076 Ramirez Vista,Gilbertfurt,G3 8CZ,United Kingdom
69332105,2023/6/30,Pending,85560573,076 Ramirez Vista,Gilbertfurt,G3 8CZ,United Kingdom
58616425,2024/7/28,Cancelled,96375675,73535 Gross Loaf,Marshallhaven,CF43 1LO,United Kingdom
25280760,2023/2/4,Shipped,96375675,73535 Gross Loaf,Marshallhaven,CF43 1LO,United Kingdom
50672783,2024/12/28,Delivered,96375675,73535 Gross Loaf,Marshallhaven,CF43 1LO,United Kingdom
76358894,2023/3/28,Delivered,96375675,73535 Gross Loaf,Marshallhaven,CF43 1LO,United Kingdom
33281999,2024/6/14,Cancelled,48754190,0567 Romero Estate,Martinezburgh,WC86 3TC,United Kingdom
75325274,2023/10/10,Pending,48754190,0567 Romero Estate,Martinezburgh,WC86 3TC,United Kingdom
75062001,2023/10/17,Shipped,64998280,92098 Robert Via,East Melissashire,M15 9YZ,United Kingdom
48959517,2023/4/7,Cancelled,64998280,92098 Robert Via,East Melissashire,M15 9YZ,United Kingdom
68265217,2023/1/21,Pending,64998280,92098 Robert Via,East Melissashire,M15 9YZ,United Kingdom
59100791,2023/4/1,Delivered,77018494,39164 Delgado Cliff,New Tiffanymouth,AB27 3BB,United Kingdom
85673014,2024/12/3,Shipped,77018494,39164 Delgado Cliff,New Tiffanymouth,AB27 3BB,United Kingdom
24066477,2023/8/12,Delivered,77018494,39164 Delgado Cliff,New Tiffanymouth,AB27 3BB,United Kingdom
46539482,2023/8/28,Pending,77018494,39164 Delgado Cliff,New Tiffanymouth,AB27 3BB,United Kingdom
84949527,2023/7/26,Cancelled,77018494,39164 Delgado Cliff,New Tiffanymouth,AB27 3BB,United Kingdom
51727485,2023/7/18,Delivered,86057911,16918 Rice Shoals,Port Samuel,G71 6NL,United Kingdom
27864705,2023/10/7,Cancelled,86057911,16918 Rice Shoals,Port Samuel,G71 6NL,United Kingdom
30899781,2024/7/21,Shipped,86057911,16918 Rice Shoals,Port Samuel,G71 6NL,United Kingdom
57418770,2024/7/2,Cancelled,86057911,16918 Rice Shoals,Port Samuel,G71 6NL,United Kingdom
15771491,2023/8/8,Shipped,47027829,8317 Tamara Hill,West Robertborough,L88 3UO,United Kingdom
94988823,2024/8/31,Delivered,47027829,8317 Tamara Hill,West Robertborough,L88 3UO,United Kingdom
83304375,2023/12/28,Cancelled,47027829,8317 Tamara Hill,West Robertborough,L88 3UO,United Kingdom
32183147,2024/6/19,Shipped,47027829,8317 Tamara Hill,West Robertborough,L88 3UO,United Kingdom
61912125,2023/4/14,Delivered,63616621,04444 Tyler Parks,Davidfurt,BT22 1LD,United Kingdom
31722870,2024/10/13,Cancelled,63616621,04444 Tyler Parks,Davidfurt,BT22 1LD,United Kingdom
29417768,2023/8/24,Delivered,63616621,04444 Tyler Parks,Davidfurt,BT22 1LD,United Kingdom
27875361,2024/3/23,Pending,24260131,604 Miller Spurs,West Adam,YO64 6DI,United Kingdom
61729843,2024/3/30,Shipped,24260131,604 Miller Spurs,West Adam,YO64 6DI,United Kingdom
70018214,2024/11/6,Pending,24260131,604 Miller Spurs,West Adam,YO64 6DI,United Kingdom
64946816,2024/6/27,Delivered,24260131,604 Miller Spurs,West Adam,YO64 6DI,United Kingdom
48802146,2023/2/11,Shipped,65819304,148 Rachel Loop,Forbesside,BT38 7GZ,United Kingdom
11178530,2023/12/21,Delivered,65819304,148 Rachel Loop,Forbesside,BT38 7GZ,United Kingdom
99044381,2023/9/24,Delivered,65819304,148 Rachel Loop,Forbesside,BT38 7GZ,United Kingdom
92517064,2024/7/27,Shipped,62608088,76111 Trevor Place,Austinmouth,G40 7NQ,United Kingdom
54406960,2023/1/9,Pending,62608088,76111 Trevor Place,Austinmouth,G40 7NQ,United Kingdom
34298298,2024/7/6,Pending,62608088,76111 Trevor Place,Austinmouth,G40 7NQ,United Kingdom
32862970,2024/5/13,Cancelled,43601023,7935 Thompson Hill,Thomasfurt,W49 7VY,United Kingdom
83933604,2023/7/5,Pending,43601023,7935 Thompson Hill,Thomasfurt,W49 7VY,United Kingdom
21342860,2024/6/16,Pending,43601023,7935 Thompson Hill,Thomasfurt,W49 7VY,United Kingdom
73558739,2023/11/18,Pending,37416342,3108 Meyer Island,Walshshire,WC98 9JJ,United Kingdom
85767640,2024/5/19,Delivered,37416342,3108 Meyer Island,Walshshire,WC98 9JJ,United Kingdom
96421017,2023/9/9,Shipped,37416342,3108 Meyer Island,Walshshire,WC98 9JJ,United Kingdom
70088771,2023/5/12,Pending,14347492,4411 Scott Shoal,Hectortown,WC84 9TO,United Kingdom
37685889,2023/8/10,Shipped,14347492,4411 Scott Shoal,Hectortown,WC84 9TO,United Kingdom
44079890,2024/5/8,Cancelled,67209815,060 Krystal Rapid,Jasonton,G9 8CS,United Kingdom
83873037,2024/12/23,Delivered,67209815,060 Krystal Rapid,Jasonton,G9 8CS,United Kingdom
60918523,2023/12/4,Delivered,67209815,060 Krystal Rapid,Jasonton,G9 8CS,United Kingdom
16456774,2024/1/30,Shipped,83951399,72664 Cherry Locks,Stewartberg,WC61 4LI,United Kingdom
21536757,2023/5/15,Shipped,83951399,72664 Cherry Locks,Stewartberg,WC61 4LI,United Kingdom
30606297,2024/11/4,Delivered,83951399,72664 Cherry Locks,Stewartberg,WC61 4LI,United Kingdom
45214732,2023/4/11,Pending,58618318,397 Holland Mission,East Matthew,DE94 4NC,United Kingdom
44438288,2024/10/28,Delivered,58618318,397 Holland Mission,East Matthew,DE94 4NC,United Kingdom
89244187,2024/10/6,Shipped,58618318,397 Holland Mission,East Matthew,DE94 4NC,United Kingdom
84370495,2024/1/13,Cancelled,58618318,397 Holland Mission,East Matthew,DE94 4NC,United Kingdom
83957118,2023/3/26,Shipped,58618318,397 Holland Mission,East Matthew,DE94 4NC,United Kingdom
71067779,2023/1/15,Pending,45842237,89682 Denise Rapids,Wileybury,YO49 9ZG,United Kingdom
47802847,2023/12/7,Cancelled,45842237,89682 Denise Rapids,Wileybury,YO49 9ZG,United Kingdom
86120288,2024/3/9,Shipped,45842237,89682 Denise Rapids,Wileybury,YO49 9ZG,United Kingdom
