payment_id,order_id,payment_amount,payment_date,transaction_id,payment_installment_no,payment_type,payment_deadline,payment_status,street_address,city,postal_code,country
34035,13503753,100.54,2023/1/29,f003817c-a61a-4140-bed3-d8949c7b98cf,2,Google Pay,2023/2/28,Paid,34667 Moore Stream,Gardnerberg,CF72 6OW,United Kingdom
74794,83947262,143.08,2024/10/3,b5b7fab8-fbfd-4825-8e24-60b96d23756e,1,Credit Card,2024/10/11,Paid,5529 Manuel Expressway,Guerreroville,BT77 1CJ,United Kingdom
89448,33485789,155.25,2024/1/29,0756d713-a25d-4467-8c5c-6b08ea407053,2,PayPal,2024/2/21,Refunded,7428 Hill Key,North Christinahaven,CF35 8UF,United Kingdom
76280,12863704,163.64,2023/12/16,c92a6483-0f08-42dd-9342-b89bd62d1423,2,Credit Card,2024/1/5,Pending,01861 George Ramp,Ritterland,SW75 3UM,United Kingdom
90845,86911518,191.35,2023/10/21,19f932a7-062b-4cf7-83f1-af457d340b65,3,PayPal,2023/11/18,Paid,878 Hodges Divide,Smithshire,W55 8BP,United Kingdom
23521,11913947,130.98,2024/6/16,e52a3103-3b69-42c6-98a1-7c034aa1ddd1,2,Debit Card,2024/7/12,Paid,2294 Andrew Prairie,New Donald,SE38 1SI,United Kingdom
52795,32150639,79.47,2023/5/20,6db88efc-2924-4837-864f-35995767eaf5,2,PayPal,2023/6/16,Pending,39218 Tyler Passage,West Lawrence,DE63 1TO,United Kingdom
85200,51114933,98.98,2023/10/13,919eb678-3b17-41b1-a10f-862e53ffb536,3,PayPal,2023/11/3,Refunded,0409 Dennis Mission,New Deborahtown,WC98 4YO,United Kingdom
31748,32757705,139.72,2023/2/13,d3c5344c-a4d5-401a-8816-994e57490736,1,Debit Card,2023/3/7,Paid,447 Nancy Lights,Jonathanton,DE54 3GJ,United Kingdom
84444,44527973,118.78,2023/5/21,7661fbb6-da55-4f48-905e-319b9a935895,3,PayPal,2023/5/28,Paid,60776 Timothy Mission,Jamesfurt,L84 0AJ,United Kingdom
23311,44875218,195.8,2023/9/4,cec5e5f0-7c32-45a5-8def-d21f59ab6deb,1,PayPal,2023/9/14,Refunded,4610 Wilcox Greens,Berryfurt,SE5 6RI,United Kingdom
42054,61677361,46.06,2024/6/9,46c3b548-7d5b-4a53-9c94-37f2892a9db5,1,Apple Pay,2024/6/25,Paid,502 Marcus Forest,Lake Marissachester,BT18 2GR,United Kingdom
39002,34934684,68.48,2024/8/21,bf200e60-49b5-4918-ae5b-421ea98b9d43,2,Debit Card,2024/9/14,Paid,251 Garcia Road,Lake Jamietown,EH85 8XF,United Kingdom
19517,48117726,83.49,2024/9/27,42e7ff89-4cc4-4288-b2af-e2448d921729,2,Google Pay,2024/10/9,Paid,81368 Massey Wells,Tarafort,CF27 0QS,United Kingdom
97920,63275469,165.48,2024/12/14,1606d675-a1ed-43fd-a5d6-69646722d9b1,2,PayPal,2024/12/29,Paid,698 Edwards Shoals,North Joseph,G8 0CP,United Kingdom
65215,60452395,111.0,2024/12/9,b5c8a5c2-c076-4805-8537-d542329160c7,1,PayPal,2025/1/1,Refunded,8317 Tamara Hill,West Robertborough,L88 3UO,United Kingdom
10377,83919932,73.9,2024/4/10,4236db3e-4bd2-4cbc-93c2-0af90a98c2a9,1,PayPal,2024/4/22,Pending,71353 Diana Isle,Angelafort,DE78 6VV,United Kingdom
75735,87557419,41.33,2024/12/31,91f2cfed-5ccb-42a7-8c3d-72a5686a11e4,1,PayPal,2025/1/23,Refunded,749 James Points,Port Tammy,SW25 0UY,United Kingdom
41599,18090880,36.77,2023/8/10,76fc8691-8715-4aeb-b8bc-e6b83ec587cd,2,Debit Card,2023/8/25,Paid,6919 Tucker Well,Michelleland,G69 3ME,United Kingdom
65075,79615577,79.0,2024/5/18,415af825-382c-4a5d-86e6-81933ea03111,3,Google Pay,2024/5/26,Refunded,5100 Jennifer Trail,New Sally,SW3 5AT,United Kingdom
80745,35675800,59.22,2024/11/1,fa52d7e4-46ba-47c2-8e24-17d2bd24e2cc,2,Google Pay,2024/11/14,Pending,824 Thomas Canyon,Jefferyhaven,SE51 4UU,United Kingdom
62100,66612744,133.4,2023/10/8,5bf48d1e-8be4-4037-96ff-1d5900a7bb02,2,Apple Pay,2023/11/4,Paid,5427 Wheeler Burg,North Lindamouth,DE93 2TI,United Kingdom
28567,54195469,118.68,2024/10/1,745a42c2-dbad-4a52-a5d9-c5e9fef338fa,3,Debit Card,2024/10/8,Pending,0131 Bryan Row,Maryton,G72 8XY,United Kingdom
40343,25724439,89.88,2023/5/23,09647652-23a5-45b7-bfae-e1075c3f2178,2,Debit Card,2023/6/17,Paid,61059 Christine Cliff,Coxberg,G97 4LN,United Kingdom
52383,47465990,85.28,2024/4/3,5193f978-690b-4c73-940b-14aa176e28e0,2,Credit Card,2024/4/18,Paid,8337 Shelly Terrace,Lake Lisa,NW98 1TF,United Kingdom
37922,41667785,170.97,2023/2/14,6770a012-b7ea-442c-938d-edb4e3a9a4b1,2,Credit Card,2023/3/10,Paid,502 Eric Junction,Leeside,W50 2LV,United Kingdom
11073,24042895,199.99,2023/5/10,72eb7e45-074a-4bbb-8c21-c2feed700c92,2,Google Pay,2023/6/6,Paid,3287 Leach Passage,Valerieland,EH23 1OS,United Kingdom
16102,76204157,50.88,2023/6/9,95c96d8e-2012-4b50-9298-ecfa445de79d,3,Debit Card,2023/6/30,Pending,688 Christopher Key,South Sean,NW52 6FK,United Kingdom
89790,76033404,112.95,2023/12/25,c1a89da9-6a36-4231-bf85-a85fde976f20,2,Credit Card,2024/1/1,Paid,21716 Miranda Vista,Burnsbury,YO83 8QD,United Kingdom
41421,96884704,182.15,2024/1/25,09edb2dc-cc11-4265-a7f1-e53c48ac3055,2,Apple Pay,2024/2/2,Paid,949 Mcgee Stream,Port Sean,W25 7ME,United Kingdom
17233,50737404,197.19,2023/9/19,82ba9807-da45-42a5-95fb-ffebae183b3c,2,PayPal,2023/9/24,Paid,01484 Cuevas Spur,West Derekburgh,AB28 5YX,United Kingdom
56528,54912875,191.66,2024/5/27,adac1d40-e52e-4b26-8b04-019600887631,3,Google Pay,2024/6/11,Pending,1453 Cooper Terrace,Marytown,DE13 3HK,United Kingdom
20532,20476489,37.16,2024/4/19,4ec9f6a8-51ce-4689-9d1c-80a7349cff76,3,Debit Card,2024/5/17,Pending,0694 Smith Drive,North Andrew,NW51 2HH,United Kingdom
86289,70695341,115.82,2023/6/8,35070afd-2505-4a04-8227-5cd668a67ded,2,PayPal,2023/6/10,Refunded,84132 Houston Cliffs,Port Amandaland,SE29 3PO,United Kingdom
77131,28387509,189.34,2024/1/21,6809a3b0-a019-455f-89df-7eb2b0420395,3,PayPal,2024/1/22,Paid,1987 Hill Park,West Nicoleside,L40 8VO,United Kingdom
98529,34542765,141.23,2024/3/31,a9886ec7-3048-4cdd-93b1-78d68a126e2f,3,Credit Card,2024/4/12,Pending,64507 Anthony Brook,East Danielberg,W63 4QV,United Kingdom
82345,20583707,96.03,2024/4/11,1dbce7bd-b670-4ac4-a63d-91f100a16182,1,Apple Pay,2024/4/30,Paid,0775 Powers Spring,South Erinview,G27 3XY,United Kingdom
82135,74395022,26.52,2023/5/5,a373bf07-79f7-4503-bc66-6d86384a0096,1,Debit Card,2023/5/19,Pending,6430 Brenda Ridges,Tonyside,BT92 5JS,United Kingdom
52159,64464003,23.26,2023/10/10,3d8b3393-2a8f-427c-aa52-08c7d3cd2161,3,Google Pay,2023/10/25,Paid,49143 Robert Mountains,Grayfurt,SE95 4BD,United Kingdom
99613,82937630,175.36,2023/8/20,002175ef-ca36-4475-b093-d3154c8b3613,2,Credit Card,2023/8/31,Pending,5343 Obrien Row,South Barbaraberg,YO91 9SB,United Kingdom
35746,73889338,160.73,2023/3/31,bef2f88b-8a80-45aa-8f9c-48a8ad071232,2,Debit Card,2023/4/20,Refunded,1987 Hill Park,West Nicoleside,L40 8VO,United Kingdom
34506,26585856,198.56,2024/10/31,f1eeb48d-8651-48f9-b26c-e66ea84eb4b8,3,Google Pay,2024/11/1,Refunded,64146 Hart Club,South Philipberg,SE41 7NJ,United Kingdom
11826,49315270,123.26,2024/3/10,6d331e81-e167-4241-9fac-1b3ff16afd03,2,Debit Card,2024/4/9,Refunded,0218 Chavez Streets,Adrianashire,W66 0GV,United Kingdom
13715,78165802,54.68,2023/8/16,ec37ab60-c830-4474-98d8-24f7eedf30b4,3,Debit Card,2023/9/15,Refunded,16918 Rice Shoals,Port Samuel,G71 6NL,United Kingdom
45852,30811236,77.91,2024/3/3,aa82a14e-501d-40a3-8800-a664ff556f23,2,Apple Pay,2024/3/27,Pending,8381 Lori Estate,South Stevenbury,DE67 1TQ,United Kingdom
97341,53872770,28.99,2023/6/23,41d90082-1d87-440a-9c54-f27bfab01e54,1,Google Pay,2023/7/21,Pending,370 Reynolds Dale,Palmerland,W44 4HH,United Kingdom
24585,53262334,32.65,2024/8/21,ead7db64-eaff-4f51-abf1-efc3eb690afe,3,PayPal,2024/8/24,Paid,56018 Young Stravenue,Lake Jamieview,NE21 3EV,United Kingdom
55304,76732571,86.26,2024/8/18,221f1f19-c488-4bab-bf02-5921025fb909,2,Debit Card,2024/9/15,Pending,026 Moore Meadows,Candicefurt,W82 5WP,United Kingdom
51567,74158362,123.61,2024/1/8,518ac88a-b3bb-4434-9bb0-f2e2f2c7eacf,1,Apple Pay,2024/2/7,Refunded,0409 Dennis Mission,New Deborahtown,WC98 4YO,United Kingdom
34343,79764205,22.37,2023/9/3,9ebdeeeb-e181-4b2d-b87f-00e51d5433b2,3,PayPal,2023/9/20,Paid,30227 Nicole Flats,Aaronstad,SW90 4IP,United Kingdom
13658,67402176,118.79,2023/10/6,c6db2170-972e-4ad2-a18b-6f2d454d6bca,1,Apple Pay,2023/10/19,Pending,60304 Lee Stravenue,New Jennifer,DE63 1GK,United Kingdom
73537,92168199,77.57,2024/5/13,4d752ed7-e8df-4510-8e5e-40b066bbc27b,3,Debit Card,2024/6/9,Refunded,46791 Mary Walk,Lake David,SE46 8TT,United Kingdom
76973,34977484,67.22,2023/7/23,906fe957-7840-4f70-9684-baef3d4d6375,2,PayPal,2023/8/16,Refunded,7428 Hill Key,North Christinahaven,CF35 8UF,United Kingdom
12515,57802406,154.31,2024/2/25,054c23ad-4514-41f7-b7f1-295ae5cf65ca,1,PayPal,2024/3/5,Refunded,9907 Melissa Locks,Wilsonville,CF82 0QR,United Kingdom
90562,65443533,92.46,2024/9/11,50ccc06f-e86c-4da4-a0d7-c92e7236de24,3,Google Pay,2024/10/8,Paid,0800 Rivera Mount,Calvinside,CF63 5VX,United Kingdom
86559,38843496,127.96,2024/9/8,a18620d6-7851-4bd1-93e8-4c31e86935e0,3,Credit Card,2024/10/7,Paid,03276 Veronica Terrace,Jamesfort,SW33 8FF,United Kingdom
36590,46931627,90.11,2024/11/3,df1c85d2-fbe4-4cb8-8b42-a8e8554595e8,1,Google Pay,2024/11/5,Paid,5428 Stewart Rue,West Crystal,EH29 1HP,United Kingdom
57377,68072965,114.39,2023/5/9,cd482037-1996-4181-849b-8e2c19569609,1,Google Pay,2023/5/16,Paid,89682 Denise Rapids,Wileybury,YO49 9ZG,United Kingdom
72590,58340086,48.26,2024/5/23,337ff82c-8d6c-4899-8e93-2f5a7e7ab19b,1,Google Pay,2024/6/15,Paid,628 Jeanette Way,East Annette,SW26 1EQ,United Kingdom
23897,80293114,107.19,2024/10/18,76a71dea-65e9-4737-af54-40cef9509f80,2,PayPal,2024/10/21,Paid,9687 Jenna Fields,West Leonard,YO52 0AW,United Kingdom
55857,65895806,124.71,2023/6/2,29f9d1f2-7d2b-4827-a875-68e13d32f30b,3,Google Pay,2023/6/12,Pending,061 Lucas Walk,Carolineborough,EH53 8PT,United Kingdom
27010,44108171,55.33,2024/10/23,900b338b-5ca9-4951-84b9-5203895679de,1,Apple Pay,2024/11/6,Pending,447 Nancy Lights,Jonathanton,DE54 3GJ,United Kingdom
64924,17216579,164.31,2023/11/7,200ad5b2-695c-45c9-8c6a-9a6aaa010f37,3,Debit Card,2023/11/22,Paid,8764 William Fords,Murphybury,EH45 9KW,United Kingdom
70082,94377787,55.05,2023/5/3,5e5a6536-8322-4808-a08a-f76d4bcd5c74,1,PayPal,2023/5/28,Pending,987 Juan Parkways,South Sarahberg,NE72 3OF,United Kingdom
36040,23151903,23.99,2024/8/6,d3cc4237-f24d-42de-861a-862e65aae6a2,1,Credit Card,2024/8/19,Refunded,30429 Amanda Crest,Christyton,SW30 2FD,United Kingdom
38713,92414192,97.36,2024/10/20,725c135b-94a5-432c-8f47-3f748e1932d9,1,Debit Card,2024/11/17,Pending,244 Smith Drive,Elliston,DE21 5TF,United Kingdom
11910,41735988,52.9,2023/7/16,7926b478-bde6-40f7-9588-562f99d5a8a3,3,Google Pay,2023/7/22,Paid,3108 Meyer Island,Walshshire,WC98 9JJ,United Kingdom
93384,39964408,79.88,2024/5/1,40c35914-96f8-44dc-b922-0521b788bfa4,1,Google Pay,2024/5/26,Pending,88768 Matthew Village,Jeanton,SE72 8JM,United Kingdom
41081,48007246,199.14,2023/8/7,52df5638-0650-4bc6-a95b-5521659ece11,1,Credit Card,2023/8/9,Pending,14618 Lambert Camp,Alyssamouth,DE70 4FV,United Kingdom
46997,87383046,58.64,2023/7/14,db700354-b812-420d-93ce-7bfd00956a84,3,PayPal,2023/8/5,Paid,0795 Alvarez Spurs,Lake Amy,BT77 9QH,United Kingdom
86614,26391902,167.21,2023/8/27,791be1dc-325f-4391-82c8-0ef9513e01d8,2,Debit Card,2023/9/7,Paid,2655 William Roads,Justinfurt,M83 4XP,United Kingdom
20119,97940307,134.79,2024/3/10,d80b1adb-2222-4e58-b2c8-d283cac8cf2c,3,Apple Pay,2024/3/11,Pending,848 Jay Meadows,Port Dalefort,SW12 3LY,United Kingdom
52364,76538289,140.18,2023/6/1,a21faa5b-24fa-4e73-abc2-8e1f24f5c6f1,3,Apple Pay,2023/6/28,Paid,33577 Anderson Mountain,East Kristen,W9 1CS,United Kingdom
70069,91026037,28.54,2023/6/5,37ea1535-5a51-4ef7-875f-d378d219552d,1,Apple Pay,2023/6/30,Paid,94541 Oneill Loop,Huertatown,EH62 6JN,United Kingdom
66661,33771273,65.06,2023/8/12,1d891485-a8d1-4325-8c64-c77203eeac59,2,Apple Pay,2023/9/9,Paid,6919 Tucker Well,Michelleland,G69 3ME,United Kingdom
47433,81705602,38.48,2023/11/13,8aea8ae8-f10e-43c6-8f1c-b3645536bca3,3,PayPal,2023/11/30,Paid,73535 Gross Loaf,Marshallhaven,CF43 1LO,United Kingdom
79165,77885174,39.39,2024/6/22,e97ceafa-04f2-494e-9f90-bfd09b824a41,2,Credit Card,2024/7/5,Pending,6989 Simon Mount,New Kristin,G73 0IK,United Kingdom
32232,75032578,172.62,2024/1/1,c0fa249f-0716-4419-87ee-c21eaa0a153c,2,Debit Card,2024/1/4,Paid,27009 Smith Ford,East Williamfurt,NE44 7XL,United Kingdom
36367,87931667,151.78,2024/4/23,067fd8fe-9532-4da4-b734-7ca32d6abe2e,3,Apple Pay,2024/5/22,Paid,1871 Joshua Trace,Lake Laura,DE30 9XX,United Kingdom
10321,62182063,89.1,2024/6/9,b1516a8c-2a6b-4ebb-8f4e-fdf21149bbd1,2,Debit Card,2024/6/11,Paid,5130 Lane Manor,West Alexandraview,SE69 3MG,United Kingdom
72994,66908337,94.56,2023/12/25,857e9404-283d-46f1-b7eb-a27b8d6ec5d6,3,PayPal,2024/1/8,Paid,9530 Townsend Highway,North Alexton,EH10 0AJ,United Kingdom
85822,19304490,23.75,2023/9/3,2ef9c2c3-f502-4bfb-86cf-72e74791d6ac,3,PayPal,2023/9/19,Pending,13025 Derrick Fork,Brookeside,NW86 7DA,United Kingdom
17904,51070838,181.07,2023/7/10,ad101f17-ecdf-4a5d-aeca-ad462d4df04b,1,Google Pay,2023/8/4,Refunded,84132 Houston Cliffs,Port Amandaland,SE29 3PO,United Kingdom
79650,32941358,39.68,2023/9/17,8353e7e9-fce2-4dee-94c4-8ad722d56da8,2,Debit Card,2023/9/21,Pending,7229 Foster Greens,Schultzshire,YO87 3OE,United Kingdom
94133,77185533,190.7,2023/3/7,9a2a3dd6-5a9d-499e-afdf-3b9b76a7ea3d,1,Debit Card,2023/3/21,Refunded,046 Nicholas Court,Lake Holly,M86 5LT,United Kingdom
23776,35111538,56.91,2023/5/14,ee12c159-7ba7-4e84-bec2-07eb4e843e20,2,Google Pay,2023/6/2,Pending,65718 Cole Fords,Suzannetown,CF15 8VG,United Kingdom
66790,86053800,112.99,2024/11/17,f036cca1-7356-44af-84a2-4b3990b1c21b,1,Google Pay,2024/12/1,Paid,882 Kenneth Mountains,Port Bonniemouth,SW69 6CM,United Kingdom
24060,50460165,83.78,2023/10/6,e0b300f7-467a-4c2d-8cde-53f5bb2a2459,2,Apple Pay,2023/11/3,Paid,630 Moyer Turnpike,Lawrenceberg,WC11 4BN,United Kingdom
75686,97847836,46.85,2024/7/12,b31dc6e1-dba0-47d9-8f35-074754387afb,2,Credit Card,2024/8/9,Paid,681 Brown Streets,Port Catherine,G51 8AS,United Kingdom
41593,93978067,109.29,2023/5/23,fd92e218-8942-4b76-8eed-4dde2f15322e,2,Debit Card,2023/6/14,Refunded,4618 Kathleen Via,North Tamara,DE28 9PM,United Kingdom
40637,73582145,68.57,2023/10/13,91663d1b-baf8-4e23-afef-0f3b67f0b95e,1,Apple Pay,2023/10/29,Paid,14588 Joshua Curve,Kennethland,W8 1MF,United Kingdom
43519,67307277,110.8,2024/6/13,e1c746b9-15b7-43c5-9973-3ac85d2ec6e4,3,PayPal,2024/6/14,Paid,47001 Julie Port,Lake Scott,W96 4NO,United Kingdom
51564,64017466,45.38,2023/4/9,5a07d786-3f29-4a00-ab80-e8c15b8e8454,1,Apple Pay,2023/4/15,Refunded,8474 Marshall Haven,Fowlerfurt,SE50 5JQ,United Kingdom
40214,37020731,48.82,2024/4/11,c8449d6b-e64c-459d-bca5-ed46cfec6dfb,2,PayPal,2024/5/11,Pending,6010 Miller Motorway,Kennethland,YO15 1TK,United Kingdom
28688,32441166,130.37,2023/4/30,0cbb7cd4-3f6e-4058-9bc9-445063421a5c,1,Credit Card,2023/5/25,Pending,25142 Evans Road,Judymouth,M23 7OR,United Kingdom
44463,85081916,52.87,2023/10/5,35438e5a-11b0-441d-ab19-cf0f2123d6dc,1,Google Pay,2023/10/18,Paid,6825 Patrick Land,Ambertown,EH52 6WN,United Kingdom
56336,64596671,39.03,2024/12/12,ac94c686-3b49-4134-9ed4-001ce4c2dba8,2,Credit Card,2024/12/28,Paid,6430 Brenda Ridges,Tonyside,BT92 5JS,United Kingdom
17752,43468075,166.65,2024/6/25,97bde792-190b-4eb7-8dfa-6dd51ea18842,1,Google Pay,2024/7/21,Refunded,29923 Patterson Hills,Lake Josephchester,SW12 1ZG,United Kingdom
22078,23203777,40.25,2023/6/20,310a55c2-a4b0-407e-a64b-ec121693ec35,2,Apple Pay,2023/6/28,Refunded,69007 Scott Haven,Port Rita,SE16 1HQ,United Kingdom
13266,32676088,105.11,2023/6/15,8d004afe-0908-46b5-b2fd-dd01fdacd30c,3,Google Pay,2023/6/18,Pending,22071 Potter Field,Jeffreytown,SW98 1WD,United Kingdom
21014,15316977,87.7,2024/10/16,bbeccea7-1de7-4311-bbd4-3f2bfda1e097,1,Debit Card,2024/11/13,Refunded,0800 Rivera Mount,Calvinside,CF63 5VX,United Kingdom
65224,75998480,109.93,2024/3/19,ae4de452-f4ce-4a4b-a34f-7e67b57a127f,1,Google Pay,2024/3/30,Paid,89682 Denise Rapids,Wileybury,YO49 9ZG,United Kingdom
69319,21498172,39.63,2025/1/22,3f45784d-d9a0-4b9f-8e3c-2291e361cfd0,2,Debit Card,2025/2/13,Paid,4610 Wilcox Greens,Berryfurt,SE5 6RI,United Kingdom
89641,45836611,77.17,2024/10/21,5ec3bee7-a5e8-4160-a3c2-8ba51c9e3536,3,PayPal,2024/11/6,Refunded,48733 Beth Estate,North Sherristad,YO18 2JM,United Kingdom
90551,69243095,43.46,2023/6/11,7d906111-1bc3-44a4-8600-8580c2577e60,3,Apple Pay,2023/7/1,Paid,71353 Diana Isle,Angelafort,DE78 6VV,United Kingdom
43064,33094881,114.93,2024/7/30,b5362f9b-68aa-49b8-9582-0a79f3a2c744,3,Google Pay,2024/8/12,Paid,20128 Sean Light,North Isabel,DE71 3QJ,United Kingdom
18484,78870081,45.49,2024/10/26,c6ad74f0-ec63-456a-abd0-09358ae5c544,1,PayPal,2024/11/7,Pending,355 Archer Villages,Michaelberg,M55 1IC,United Kingdom
99096,23282668,85.27,2024/5/4,a7f7a513-f35d-4cd2-b3ca-aca34018a774,2,Debit Card,2024/5/30,Paid,5100 Jennifer Trail,New Sally,SW3 5AT,United Kingdom
20148,35145274,24.15,2023/12/6,e52a98b3-1368-4204-8a43-388c9aa3fb90,2,Credit Card,2023/12/10,Paid,5733 Stephanie Flat,South Elizabeth,WC7 7QM,United Kingdom
86901,82712056,51.93,2023/12/25,9476dba5-43ca-454d-8072-06fb8a6fe508,3,Credit Card,2024/1/4,Pending,7073 Steve Plains,North Allisonton,L7 0SQ,United Kingdom
86064,57990005,82.32,2024/10/9,08369d57-65f2-4171-82d6-1e1d9a6c6302,3,Credit Card,2024/10/21,Paid,78803 Carol Wells,South Derrick,YO90 0DS,United Kingdom
30078,82567843,25.7,2024/10/4,26f2a6c6-7fd9-42a0-98fd-31751d006264,1,PayPal,2024/11/1,Paid,14618 Lambert Camp,Alyssamouth,DE70 4FV,United Kingdom
13725,99697576,25.78,2024/1/4,6ba99e84-46a6-43ce-8379-31552f3a0c59,3,Google Pay,2024/1/18,Paid,7073 Steve Plains,North Allisonton,L7 0SQ,United Kingdom
25888,58975174,61.81,2023/8/12,c510b636-909e-4cd6-8a38-0a98cd6f896a,3,PayPal,2023/8/13,Paid,393 Erin Squares,Christineville,M75 3HJ,United Kingdom
32526,58120417,149.92,2023/1/16,77165c01-dd4e-4fb6-819e-9e14da3ecbb0,1,PayPal,2023/1/21,Pending,72385 Matthew Causeway,Rogershire,NW12 2TZ,United Kingdom
61973,44807338,67.27,2024/12/22,4c8be3cf-cd24-49d5-bdae-57549d8c0a5f,1,Apple Pay,2025/1/7,Paid,70135 Jennifer Mountains,Jasonside,M96 0EK,United Kingdom
57281,81952746,64.09,2024/7/14,0fca1889-46d2-4358-97e2-ffeec6f39824,3,Google Pay,2024/8/6,Paid,294 Luna Valleys,New Amyville,M74 5IA,United Kingdom
20425,79855220,108.69,2024/7/3,2fdf8b18-e912-4c4c-afe0-13e85f5cef65,2,PayPal,2024/7/12,Refunded,475 Michael Crescent,Lake Logan,AB14 3NQ,United Kingdom
99674,16578649,85.06,2023/3/31,3abe9da9-5ae6-45a4-8073-0c92ba2830fc,1,PayPal,2023/4/26,Paid,5591 Jessica Squares,North Dustin,YO3 5BS,United Kingdom
61471,76542886,128.89,2023/7/20,ce2c15de-49e4-4463-bbce-59d567e328c0,3,Google Pay,2023/7/25,Pending,42619 Taylor Corner,New Adrianland,SE90 5XA,United Kingdom
91941,26419087,147.15,2024/3/19,1b16de47-5cfe-47bd-972e-8409ceb1fc2c,3,PayPal,2024/3/26,Paid,524 Case Stream,Donaldbury,DE93 4HK,United Kingdom
72613,48937681,53.59,2023/3/29,6cfb7039-f9cc-4a32-9fdf-724f2e207284,3,PayPal,2023/4/12,Paid,36673 Michael Spring,North Curtis,CF91 6HT,United Kingdom
12262,62499332,85.31,2023/12/7,0e7f536a-6ed6-4c2a-b88b-0b6ed6bfda92,3,Google Pay,2024/1/5,Paid,02256 Short Fort,New Raymondland,M64 1VY,United Kingdom
56609,79684031,108.46,2024/10/21,ce68e7d7-183f-4101-8a29-34f767773899,2,Debit Card,2024/11/8,Paid,046 Nicholas Court,Lake Holly,M86 5LT,United Kingdom
70541,88874411,169.78,2024/4/7,b9ca7eeb-9aa6-4b84-a487-611cf554183d,1,Google Pay,2024/4/23,Paid,852 Thomas Ramp,New Lorimouth,SE69 0WO,United Kingdom
72243,20830359,53.76,2024/4/18,7fa7ae28-b35c-45b5-86f2-2f98ca316d48,2,Debit Card,2024/5/17,Pending,8323 Rachael Lights,West Jonathan,W34 7BY,United Kingdom
89609,41292054,87.59,2023/4/4,151f1e0c-ed0b-4ab2-a766-06c0719bcece,1,Debit Card,2023/4/24,Paid,656 Williams Camp,Ashleyfurt,SW55 2BQ,United Kingdom
28511,39623031,43.42,2023/3/15,86a44d17-9479-47ec-bdca-04598da4c26d,3,Debit Card,2023/4/5,Refunded,45949 Solomon Overpass,Stevensonland,WC69 4LK,United Kingdom
52643,27198351,102.51,2023/8/4,a8f1614b-e333-4724-af1b-d399feb65cec,2,PayPal,2023/8/9,Paid,54525 Kevin Oval,Port William,L72 1WF,United Kingdom
70870,34586365,178.92,2024/6/7,f5112399-d091-4190-b9eb-c7e83f31225d,1,Google Pay,2024/6/15,Refunded,416 Rebecca Stravenue,Lake Andrewmouth,BT17 9DN,United Kingdom
74544,64475977,31.37,2023/12/4,bf11f76c-d776-496d-ba84-20844058b650,2,Credit Card,2023/12/5,Pending,8337 Shelly Terrace,Lake Lisa,NW98 1TF,United Kingdom
49731,11269458,50.55,2023/2/19,942bee7f-725d-492d-9fa8-5c3cdeccf52d,3,Credit Card,2023/3/16,Pending,0319 Jose Center,Smithburgh,BT45 8UX,United Kingdom
24261,95420401,105.47,2023/11/26,5693a3f9-ac2b-4293-bd8e-614beec4f468,3,Credit Card,2023/12/5,Paid,7011 Thompson Ranch,Hammondstad,NW1 2LA,United Kingdom
34643,67557689,62.48,2023/7/9,005ae312-96ad-4bee-aa90-5857f7363b3c,1,Credit Card,2023/7/11,Paid,025 Walker Locks,Port Benjaminshire,W60 4WG,United Kingdom
93915,52489249,144.27,2024/3/28,5552fe34-41b3-459a-b977-5df0b9adae00,3,Credit Card,2024/4/7,Paid,721 Tran Vista,Duncanport,BT4 7TD,United Kingdom
96616,55943903,27.45,2023/10/27,f1fa110f-3a5e-4c51-8d06-f1d2296a52dc,3,PayPal,2023/11/15,Paid,059 Jennifer Ramp,South Michael,NE80 7PE,United Kingdom
29824,67874536,142.51,2024/8/18,992e89d1-2a8f-4af3-9ef2-7195e3ce4fd9,2,PayPal,2024/9/2,Paid,34667 Moore Stream,Gardnerberg,CF72 6OW,United Kingdom
80600,36160077,21.21,2024/8/30,e43a5e1c-387c-4668-9106-dbef5e37e4e9,3,PayPal,2024/8/31,Paid,0694 Smith Drive,North Andrew,NW51 2HH,United Kingdom
99624,22411034,28.62,2024/2/16,cb432f06-565d-4c76-a5d3-888ce68ef4f0,1,Google Pay,2024/3/4,Paid,03765 Stephanie Harbors,Gloverstad,YO11 7UM,United Kingdom
27558,55677133,74.17,2024/8/24,824eb193-4f21-4d39-a5fa-49ac41288684,3,Apple Pay,2024/9/8,Refunded,9350 Andrew Inlet,Jonesland,YO42 4JJ,United Kingdom
12695,20768286,27.06,2023/5/18,ee016430-2b65-4bb9-9d67-30b06b805db1,1,Credit Card,2023/6/9,Paid,1501 Holland Groves,Jennaview,M90 1QI,United Kingdom
14089,54840282,81.35,2023/4/8,7ba283b2-b3a1-48fb-a274-682da03df256,1,Google Pay,2023/4/19,Refunded,24215 Lopez Roads,New Trevor,WC99 8KA,United Kingdom
64117,83195335,36.59,2023/2/21,b1a14944-e9e6-43b5-9c8f-ba9b111968a1,3,Debit Card,2023/3/20,Refunded,72385 Matthew Causeway,Rogershire,NW12 2TZ,United Kingdom
37446,71912139,128.2,2024/10/18,e737b099-1dda-4ddc-9998-92c5fd6a8177,1,Debit Card,2024/11/1,Paid,772 Kevin Island,Michaelland,L48 0ST,United Kingdom
36049,31702720,80.88,2024/3/18,39393bf7-b8f1-4886-baea-09362dc93ca5,3,Apple Pay,2024/4/15,Pending,34737 Osborn Isle,Marksmouth,DE7 6KS,United Kingdom
63280,72868432,113.16,2023/3/6,0915ba21-5d82-4be4-a58f-66230db02f39,3,Apple Pay,2023/3/16,Pending,45628 Amanda Haven,Jordanside,SE90 1OH,United Kingdom
62693,16804667,176.35,2023/1/26,ded30b52-484b-457e-9ce6-b572896c3209,3,Debit Card,2023/2/5,Paid,96442 Anderson Highway,New Matthewberg,YO37 3FO,United Kingdom
32420,27220818,115.33,2024/10/2,0aeef8a8-616f-4d42-80d6-3eba1dc0e5f5,1,Credit Card,2024/10/13,Paid,27169 Dunlap Common,Timothyville,L62 8LP,United Kingdom
22337,83346434,160.38,2024/9/19,5b757352-aefe-43b7-ab64-dd0dd382202b,2,PayPal,2024/10/12,Refunded,3114 Nelson Brooks,South Jeffhaven,SW2 4PE,United Kingdom
29380,60130333,81.84,2024/6/24,843152ab-f668-45c0-bc81-a9dc17e79eaf,1,PayPal,2024/7/24,Paid,294 Luna Valleys,New Amyville,M74 5IA,United Kingdom
73845,15771697,171.77,2024/5/16,50c367f1-4253-4bc0-8273-d36f35d35c4f,1,Google Pay,2024/5/17,Refunded,9964 Rodgers Avenue,North John,M89 2KF,United Kingdom
63348,86920481,71.3,2024/5/9,443c15ba-b01d-4445-b000-60d437447eb1,1,Apple Pay,2024/5/31,Paid,051 Christopher Mountain,Grahamfurt,YO60 3BJ,United Kingdom
85435,52202465,38.16,2024/3/10,c80197ce-5fb4-4349-b38e-27eaf00c53c1,1,Credit Card,2024/3/21,Refunded,6919 Tucker Well,Michelleland,G69 3ME,United Kingdom
64411,61754571,72.28,2024/1/8,8d56733e-3696-445e-8fe1-ae8a0002a0b8,2,Debit Card,2024/1/26,Paid,45628 Amanda Haven,Jordanside,SE90 1OH,United Kingdom
67887,12448237,67.78,2024/12/25,6ab0f491-cc8d-4620-afe7-f04c59f848b8,1,PayPal,2025/1/24,Paid,77715 Christina Pike,Sawyerchester,G71 7LF,United Kingdom
69453,14902527,90.72,2023/3/9,d41752ca-3536-4957-a228-29163fb8532a,1,Debit Card,2023/3/13,Pending,9687 Jenna Fields,West Leonard,YO52 0AW,United Kingdom
92777,57851403,45.45,2023/9/6,ee748fb8-e931-4505-8fd6-dae15dbbb809,1,PayPal,2023/10/1,Pending,547 Black Corner,West Nicole,SW42 5HW,United Kingdom
56295,60579843,181.07,2024/3/15,19280cca-48a2-4cde-aa4d-5116afda6fb0,1,Google Pay,2024/3/27,Refunded,3832 Ariel Passage,Scottberg,SE89 9HR,United Kingdom
16164,54507297,138.89,2023/7/17,cad8e823-b627-48ab-9741-159978b1b41e,2,Google Pay,2023/8/11,Paid,926 Lane Path,Port Donna,SW17 9KL,United Kingdom
83198,64511753,86.21,2024/7/19,a20c1886-1260-4820-83e6-c50809f080ce,3,Credit Card,2024/8/2,Paid,1544 Tina Village,South Sarahville,M81 2YZ,United Kingdom
36707,52167662,117.11,2023/8/17,9b21f3c1-2b8c-48d1-8e62-e87ca03408c4,3,Apple Pay,2023/9/9,Pending,5428 Stewart Rue,West Crystal,EH29 1HP,United Kingdom
84446,80787425,86.79,2023/11/11,f5aa7050-8597-4b74-8068-d940161a0453,2,PayPal,2023/11/15,Pending,937 Jennifer Prairie,West Heidistad,EH52 3KM,United Kingdom
38492,86201208,76.44,2024/1/26,7f05add1-8f29-4a1c-a26d-2fb6b8f24ee9,2,PayPal,2024/2/16,Paid,6470 Ramirez Trafficway,North Stephen,NE92 4IY,United Kingdom
53754,94265952,34.31,2023/1/14,61851f61-7200-405d-b5e0-a4f998e4c38e,1,Google Pay,2023/1/16,Refunded,5428 Stewart Rue,West Crystal,EH29 1HP,United Kingdom
86936,44728751,113.87,2024/9/7,48645c79-70af-4892-a0db-302dd033a938,1,PayPal,2024/10/2,Refunded,294 Donna Drive,South Donnamouth,BT31 4VC,United Kingdom
61565,42170277,48.17,2024/1/30,f59fd23d-aff4-45da-8955-b52588d56bef,1,PayPal,2024/2/15,Pending,21716 Miranda Vista,Burnsbury,YO83 8QD,United Kingdom
41029,45041139,177.06,2024/10/31,94a1b7c7-fc3c-4ad7-81de-6d959ba354f4,2,Google Pay,2024/11/24,Pending,87869 Gonzalez Field,Jamesberg,BT32 3KS,United Kingdom
44801,90357243,153.48,2023/9/27,9de224c5-eecb-4a94-abee-993433f137ff,2,Debit Card,2023/10/20,Paid,40651 Natasha Roads,Dudleychester,G82 4LU,United Kingdom
77571,37522404,72.71,2024/1/25,54fdec87-78cd-4cd4-b934-83e1e9ed04bc,2,Google Pay,2024/2/10,Paid,2732 Hanson Hills,Port Susanfurt,YO10 6HP,United Kingdom
23685,43122834,45.59,2024/7/17,59c52575-a26c-476d-be7f-f42d8f6231ad,3,Credit Card,2024/7/23,Refunded,9963 Nichols Brook,Port Jeanne,DE47 4WH,United Kingdom
44758,21691798,97.82,2024/7/6,d43c46c1-df01-4101-8cbc-1ad4df5f2b89,1,PayPal,2024/7/26,Paid,857 Sullivan Via,Lake Yvonne,EH41 7QU,United Kingdom
73567,41141814,148.08,2024/3/11,713ea5fd-9473-49c9-b4eb-ddd3eb7b9a23,2,PayPal,2024/3/21,Paid,56018 Young Stravenue,Lake Jamieview,NE21 3EV,United Kingdom
29872,12339864,93.14,2024/7/20,26ae0d05-f3d9-404b-a677-fc25164abfa0,2,Apple Pay,2024/8/3,Paid,10869 Baker Street,East Tina,SE63 8ZT,United Kingdom
92763,38380467,65.14,2023/4/18,1d1926ca-f8a5-44da-b6a5-8d860103cf4a,3,Credit Card,2023/4/19,Pending,92171 Megan Island,Edwardland,NE16 2VZ,United Kingdom
98985,98588204,132.36,2023/10/27,41c9c851-67ca-4d0a-a574-4e0b4d7ebf8d,2,PayPal,2023/10/28,Paid,71353 Diana Isle,Angelafort,DE78 6VV,United Kingdom
52884,17587393,123.87,2023/4/13,a3fdeb0c-2762-476e-9385-00578577a80f,3,Apple Pay,2023/4/22,Paid,3863 Ortega Forges,Christophershire,NW85 6WD,United Kingdom
97553,44869358,134.81,2024/4/5,27107311-92b3-4a41-a518-3d6a60178c87,1,Debit Card,2024/4/10,Paid,11392 Sanders Creek,East Kevintown,M45 0DX,United Kingdom
36470,16353704,75.9,2023/8/9,93075aa7-9aae-4b18-915d-1432e035e975,3,Google Pay,2023/9/6,Paid,35549 Cameron Harbor,South Claire,EH57 5WL,United Kingdom
21209,69622491,50.98,2023/8/8,87e2bd77-53e6-405d-bf8b-5cf6ff6491ee,2,Credit Card,2023/8/20,Refunded,698 Edwards Shoals,North Joseph,G8 0CP,United Kingdom
46884,31213295,128.05,2023/8/13,69819430-c085-4a11-bac4-bf486ed7508f,1,Credit Card,2023/9/4,Refunded,816 Miguel Flat,Port Kathrynburgh,YO63 0BC,United Kingdom
53690,80362452,59.22,2023/5/28,8afefd3a-e289-4a28-9699-20b9890b01a2,2,Apple Pay,2023/6/2,Paid,2732 Hanson Hills,Port Susanfurt,YO10 6HP,United Kingdom
17334,24309868,119.34,2023/2/22,dff0025f-56be-4d18-9433-7403f32efd9d,1,PayPal,2023/3/23,Paid,0567 Romero Estate,Martinezburgh,WC86 3TC,United Kingdom
91885,45986251,74.9,2024/3/20,8bfd2b92-2bb0-42db-9af4-c7e27c30711a,3,Google Pay,2024/4/10,Refunded,49093 Gonzalez Manors,Brandichester,EH47 6KG,United Kingdom
94666,49596069,72.53,2024/1/5,9ecbbefd-7b43-49ac-8bb7-27b7488a995c,3,Google Pay,2024/1/8,Paid,72664 Cherry Locks,Stewartberg,WC61 4LI,United Kingdom
11435,48496135,82.59,2023/6/17,5cad78d5-ebad-453d-a0cd-439f2cc27b0d,3,Apple Pay,2023/6/23,Pending,03822 Ramirez Ports,Bergland,M71 0OW,United Kingdom
23748,19911396,108.8,2024/6/19,03dedcf2-99d1-49d9-9d94-3534317eef29,1,Apple Pay,2024/7/8,Paid,56018 Young Stravenue,Lake Jamieview,NE21 3EV,United Kingdom
55211,57632094,112.32,2024/9/15,20cf64f5-5059-4b96-9029-73ed248928ba,2,Debit Card,2024/9/23,Paid,248 Jade Common,South Allisonmouth,YO88 2JV,United Kingdom
74133,32093882,38.9,2024/8/5,693940f1-9908-4876-8bf7-537284c4b636,1,PayPal,2024/8/20,Paid,24489 Benson Neck,West Keithmouth,AB24 8WG,United Kingdom
68870,21778256,28.92,2024/10/24,c5a96918-64a4-4118-867e-61d8f8a9a345,3,Credit Card,2024/11/3,Paid,494 Rogers Street,Nelsonhaven,NW63 0OE,United Kingdom
82460,67089229,44.8,2024/12/30,02b450de-423a-4d44-a50f-1571075afc11,1,PayPal,2024/12/31,Refunded,021 Grant Track,Lake Elizabethmouth,NE13 8AN,United Kingdom
63078,64438284,29.23,2024/3/30,80c95b85-4d08-401f-b48f-c98afec4c260,3,Apple Pay,2024/4/26,Refunded,493 Griffin Freeway,Fischerberg,W58 9OX,United Kingdom
79228,58247789,27.2,2024/2/22,f8c56bab-05a7-411b-a041-6908b26610e0,1,Google Pay,2024/3/2,Pending,5733 Stephanie Flat,South Elizabeth,WC7 7QM,United Kingdom
15479,20166707,53.36,2023/6/8,c2cfb492-04f7-4dec-beed-8798cbe0cc9d,2,Google Pay,2023/7/8,Refunded,302 Walton Hills,West Vickieland,EH44 3TO,United Kingdom
58521,72333022,104.79,2023/2/2,54a50804-dfc4-420f-b38b-648da4abbec5,3,Apple Pay,2023/2/25,Paid,48924 Robert Inlet,Johnstonhaven,EH87 9IW,United Kingdom
13801,34026385,101.43,2023/8/21,14c8e3f0-11c6-4412-965b-f90778f3fc7b,3,PayPal,2023/8/22,Pending,1397 James Fork,South Mitchellchester,L84 7FS,United Kingdom
86100,78886491,20.66,2023/11/22,b1755aea-eb22-442d-8b7d-590bec34112d,3,Apple Pay,2023/12/2,Refunded,134 David Groves,New John,AB26 1PI,United Kingdom
14021,88397199,104.07,2024/6/19,7c6d1fdf-bbd2-49af-ab01-7734337f006a,1,Debit Card,2024/7/12,Pending,0252 Frank Viaduct,Taylorside,YO50 7EN,United Kingdom
94531,82085930,59.53,2025/1/6,3524c3fc-62be-4bad-a2c1-696ff84659c2,3,Google Pay,2025/1/29,Paid,94541 Oneill Loop,Huertatown,EH62 6JN,United Kingdom
30424,57673147,23.7,2023/12/9,aa337663-f092-42d8-90b4-91323f9d743d,2,PayPal,2023/12/31,Paid,1987 Hill Park,West Nicoleside,L40 8VO,United Kingdom
20332,74789878,31.28,2024/5/31,9da50cbf-359c-4c74-8ad2-bc4406544044,1,Debit Card,2024/6/5,Paid,05260 Lori Cove,Patelborough,SW94 2TU,United Kingdom
11781,19025848,70.29,2023/12/26,7f32d12e-4ca5-460a-8e62-c72953b9cb7f,2,Credit Card,2024/1/15,Refunded,541 Brown Springs,South Yolandaview,M75 2LI,United Kingdom
76587,45010731,72.26,2024/9/17,dc925f2a-d1e8-44b9-ba45-e4172e2eda79,2,Apple Pay,2024/10/9,Paid,9082 Timothy Spurs,Port Josephland,M6 7WS,United Kingdom
52354,29494237,29.96,2023/11/22,dd0b4b16-b57d-44da-860c-ee701512d55b,1,PayPal,2023/12/1,Pending,56731 Williams Plain,West Michael,YO39 6KJ,United Kingdom
95806,40776322,98.98,2024/4/24,90c9e541-43be-470f-9a8a-b1830fd7b28e,2,Debit Card,2024/5/8,Paid,589 Hancock Valleys,Moorestad,L40 3YJ,United Kingdom
94419,49624876,34.64,2023/10/21,26d6cb84-2ca9-474d-a044-ede5927f7197,2,Debit Card,2023/10/31,Paid,7229 Foster Greens,Schultzshire,YO87 3OE,United Kingdom
38018,86219697,63.55,2024/1/23,2e7f29c5-908f-4147-87b8-64498e328aec,2,Google Pay,2024/1/25,Refunded,56717 Shelton Parks,North Jeffrey,M57 8ZN,United Kingdom
78437,39833714,75.08,2023/8/29,138e383b-6fad-41af-8c79-e888cf1aba14,2,Credit Card,2023/9/22,Paid,72179 Kelsey Shoals,Seanchester,W62 6JJ,United Kingdom
49003,53355505,180.6,2024/10/25,61b1d49f-279c-412a-b870-6e52ca95a105,3,Debit Card,2024/11/16,Refunded,4697 Makayla Roads,Kimberlystad,W98 0QL,United Kingdom
51473,62012578,35.73,2024/10/29,975de809-a7b8-4afd-9e9a-7a1d22b6bf17,3,Google Pay,2024/11/2,Pending,054 Thomas Crest,South Jonathan,NE26 4KC,United Kingdom
59106,54398156,93.73,2025/1/3,7b81d74c-0cda-4a07-9ed5-ea81c007a8db,3,Apple Pay,2025/1/23,Pending,60776 Timothy Mission,Jamesfurt,L84 0AJ,United Kingdom
11704,57319532,118.37,2023/3/3,3d2d7fb9-1192-4e68-8642-733d9f6e16e4,2,Credit Card,2023/3/18,Paid,18754 Kevin Dale,West Ryanbury,NW20 2NO,United Kingdom
24797,48304305,81.95,2023/8/21,af896e73-9003-46ef-ba23-0d60fc61f008,1,PayPal,2023/9/14,Paid,39164 Delgado Cliff,New Tiffanymouth,AB27 3BB,United Kingdom
49762,26655875,168.89,2024/4/11,b32a0bca-4a3b-4c42-83e4-0d83dd2f77cb,3,Google Pay,2024/5/7,Pending,700 Gutierrez Shoals,Randallview,G45 0JC,United Kingdom
93430,86713261,82.29,2024/8/22,71c3fb3d-76c1-4967-bcc4-8fc35deeac23,1,Apple Pay,2024/8/24,Refunded,3796 Thomas Isle,Nathanielmouth,NW44 5SX,United Kingdom
47656,37464954,160.93,2023/9/17,a604a659-6bdc-4387-9af1-c86279fbfe04,2,Debit Card,2023/10/17,Paid,9907 Melissa Locks,Wilsonville,CF82 0QR,United Kingdom
29442,32459831,81.58,2023/5/18,808aed73-46cc-4e8e-a057-fe1859328201,2,Debit Card,2023/6/9,Paid,9398 Russell Forges,Lake Bradleychester,EH2 0WB,United Kingdom
36128,48341153,140.03,2024/7/10,176d4817-fc6c-4691-a1e3-537f8ff17a73,3,PayPal,2024/8/9,Pending,144 Lauren Roads,West Michele,SW48 2SX,United Kingdom
52433,69913977,195.8,2024/8/26,fb7fe011-e284-462c-8b8e-7b2cefa0ed93,3,Debit Card,2024/9/17,Paid,538 Thompson Highway,Dyermouth,W52 7PD,United Kingdom
44220,30659482,106.5,2024/9/11,0b6fc48d-8029-4fe8-a6d1-e4a33bfbf71c,1,Google Pay,2024/9/22,Pending,9964 Rodgers Avenue,North John,M89 2KF,United Kingdom
70585,11843820,178.41,2023/2/5,8eb3c9ff-0a88-41e2-9f22-aa7e06cb08f8,1,Apple Pay,2023/3/7,Paid,34737 Osborn Isle,Marksmouth,DE7 6KS,United Kingdom
91546,43847942,79.16,2024/8/1,46f5a4af-d94a-4b30-aea2-845a5be259e4,3,Apple Pay,2024/8/30,Paid,407 Kevin Inlet,Boydhaven,SW63 8BG,United Kingdom
59213,30463010,27.68,2024/11/15,34f76345-24ee-44f4-996b-b5e881dbb77f,2,PayPal,2024/12/7,Paid,1005 Martin Highway,West Hannahside,NW35 4UZ,United Kingdom
56212,82688618,84.71,2024/8/11,cc0e19bc-05b2-476e-a243-55b96a07285e,2,Credit Card,2024/8/18,Refunded,7253 Kristin Viaduct,West Jason,G67 5BS,United Kingdom
37948,84299000,119.33,2023/7/13,f8c33308-9353-4ba9-a18f-a0c3d9d52e63,3,Credit Card,2023/7/18,Pending,327 Kerr Cove,South Theresa,SE70 9DW,United Kingdom
71558,34982911,134.22,2023/8/5,590a40dc-dce3-414b-a6b5-4922a81b9efb,2,Google Pay,2023/8/16,Paid,8634 Miranda Run,West Brittany,YO4 2ID,United Kingdom
61020,51691705,129.35,2024/8/28,1010597a-527d-47e3-ae5e-2734d908f5e9,2,Credit Card,2024/8/30,Paid,24489 Benson Neck,West Keithmouth,AB24 8WG,United Kingdom
83478,58896553,33.11,2024/1/11,bee3fde0-0f86-4ba8-85a0-889d79de3f69,2,Apple Pay,2024/1/12,Pending,393 John Parkway,East Jacobstad,W65 1YZ,United Kingdom
67827,86363726,161.97,2023/2/6,3e95ecf7-5208-4029-ae3b-9f6e2a61b572,1,Google Pay,2023/3/2,Pending,5021 Andrews Green,Dominguezburgh,SE92 7HD,United Kingdom
41219,62004046,185.23,2023/9/11,963667aa-0633-4919-adaf-f558d05c7a00,1,Google Pay,2023/9/21,Refunded,1436 Horn Tunnel,Hendersonside,WC14 0HQ,United Kingdom
94767,53020410,144.94,2023/8/2,36b1693e-f5b8-4467-bd14-02404996c203,2,Apple Pay,2023/8/4,Paid,37878 Williamson Light,Rhodesburgh,YO68 7ST,United Kingdom
76769,32093026,112.8,2024/6/19,543694a8-edbc-4ad0-b774-7aaf90f7e6e7,3,Apple Pay,2024/7/14,Refunded,531 Tara Dale,East Carol,BT11 4SC,United Kingdom
49131,75946394,61.09,2024/7/16,fd935d6f-115a-4cdc-9179-0b6d9fb2282b,1,PayPal,2024/8/6,Refunded,494 Rogers Street,Nelsonhaven,NW63 0OE,United Kingdom
38856,26806166,193.51,2024/9/27,0de5e5a4-bec5-4819-bafd-60b0e5fdb99a,2,PayPal,2024/10/20,Paid,9082 Timothy Spurs,Port Josephland,M6 7WS,United Kingdom
87645,87695379,126.74,2023/9/21,b8b22da7-bb52-4358-9332-f08647e9c02d,1,Apple Pay,2023/10/12,Paid,61831 Phillip Vista,Bethanyside,AB14 7PL,United Kingdom
71176,99776510,60.06,2023/11/7,1a823796-4405-4ede-98bd-9fe83a966ff7,1,Credit Card,2023/11/25,Paid,81632 Williams Walks,East Amanda,G41 3LL,United Kingdom
33796,97615654,49.71,2023/11/16,0866ee6c-446e-4af8-9043-62e40411c009,1,Google Pay,2023/12/3,Paid,1869 Stark Squares,Anthonyport,M31 9HF,United Kingdom
70117,54653895,149.98,2023/2/17,93f3b4b8-5dca-474f-83e4-c136acb30555,3,Credit Card,2023/3/15,Pending,6792 Jones Road,Kaufmanborough,SW66 5KF,United Kingdom
65948,15566012,39.23,2024/8/17,8abe5a75-0d32-407e-9bd4-f3e2c0fc1cc3,3,Debit Card,2024/9/15,Paid,112 Timothy Highway,Port Gabrielleton,W61 5UB,United Kingdom
18788,82299910,52.38,2024/5/23,8757980d-f3bb-42ed-bc96-82eeabcb1d87,2,Credit Card,2024/6/15,Paid,36606 Ross Junction,West Taylor,W69 7YZ,United Kingdom
70589,48145859,52.16,2023/9/12,e4c3f9cd-eff1-4c4f-9334-f811cc520971,3,Apple Pay,2023/10/11,Paid,68727 Caitlin Plaza,Deborahberg,SE25 8IY,United Kingdom
42388,72199335,39.41,2023/2/26,cd3dc0bb-c7ce-455b-b913-a2e4d6467cb4,3,Debit Card,2023/3/6,Paid,586 Nicholas Corners,Davidstad,L67 3EG,United Kingdom
29564,10651345,94.01,2023/5/24,9bdcce13-15ac-47f2-a678-ea7793e58af1,2,Credit Card,2023/6/8,Paid,89321 Carol Road,New Crystal,SW18 9NK,United Kingdom
25708,33726583,151.02,2023/7/3,9265d1c1-cdd3-4b6e-bfbc-70ffcc431009,1,Credit Card,2023/7/31,Pending,397 Holland Mission,East Matthew,DE94 4NC,United Kingdom
91797,39373941,55.36,2024/5/2,3378242a-7eef-4e99-928a-e93b65ae5e6d,1,Credit Card,2024/5/13,Refunded,889 Jenkins Oval,Rebeccatown,NE49 6UX,United Kingdom
74091,28616096,190.71,2023/12/4,a0d6a426-d653-46f1-a673-ee39a28a0ea1,1,Credit Card,2023/12/25,Pending,868 Maria Plains,East Charles,M21 2MX,United Kingdom
94469,91317667,40.96,2024/1/13,bef2aaaa-bb40-4055-83fe-85dd95942619,2,PayPal,2024/2/2,Paid,680 Dylan Fork,Gillespiemouth,BT2 0TP,United Kingdom
17091,20810981,90.57,2025/1/21,b682f166-b4cd-4161-aed4-3e3879488000,3,Debit Card,2025/2/18,Paid,8337 Shelly Terrace,Lake Lisa,NW98 1TF,United Kingdom
22075,98573973,106.43,2023/4/4,4e6c6b79-191f-47dd-add4-5e352916b8ef,2,Google Pay,2023/4/6,Paid,5563 Rice Port,Wesleyfort,DE51 7VC,United Kingdom
74767,19271153,69.34,2023/10/7,ac04fa64-deb8-463e-99fc-9921593eeb4e,2,Debit Card,2023/11/4,Paid,6903 David Forges,Williamshire,BT40 1MA,United Kingdom
13330,90074228,118.38,2023/9/25,14bbb287-5383-4bfc-a29a-8bf0aa41870d,1,PayPal,2023/10/18,Paid,681 Jones Flats,New Tonyport,SW39 0KY,United Kingdom
24930,54583326,171.46,2024/6/7,e9e51274-7616-43d5-aeb1-e953c007c9bf,2,Credit Card,2024/7/7,Pending,988 Brittany Crossroad,Lake David,SE66 3TX,United Kingdom
26556,12215494,70.06,2024/10/28,41d16f18-4516-43cb-a79d-f0b52ccf4506,3,Google Pay,2024/11/1,Paid,33577 Anderson Mountain,East Kristen,W9 1CS,United Kingdom
39029,66077869,87.17,2023/2/6,0675b25d-f3fa-4111-b752-800bf2a0f1a1,2,Apple Pay,2023/3/7,Refunded,7693 Garcia Cliff,Emilyview,SE48 7VL,United Kingdom
10671,99420940,39.01,2023/11/1,220e0a91-d309-4d31-8657-babd790e5c22,1,Google Pay,2023/11/12,Paid,22071 Potter Field,Jeffreytown,SW98 1WD,United Kingdom
26016,90910427,185.46,2024/4/5,11283063-c80b-4077-a917-0c270b6cc1c4,1,Credit Card,2024/4/28,Paid,03765 Stephanie Harbors,Gloverstad,YO11 7UM,United Kingdom
97745,39364050,71.53,2023/2/2,e8441cb6-04d4-4485-a853-23531b871ea1,2,Apple Pay,2023/2/21,Refunded,8323 Rachael Lights,West Jonathan,W34 7BY,United Kingdom
20598,48128274,101.54,2024/7/23,cc014e08-3ef9-440f-9558-7338114dcfcc,2,Google Pay,2024/8/11,Pending,705 Stacey Drive,Brandyshire,SW70 1NF,United Kingdom
43195,12613529,112.95,2023/7/1,ce398cb1-5206-4dc3-aec9-3464c6604373,3,Google Pay,2023/7/29,Paid,3796 Thomas Isle,Nathanielmouth,NW44 5SX,United Kingdom
52352,54634030,91.77,2024/6/22,6e56238b-7f15-4905-a4d0-2f85f31ebb4e,3,Credit Card,2024/7/18,Paid,4871 Deanna Circles,Lake Davidhaven,WC14 9EP,United Kingdom
85233,11907460,118.6,2023/7/19,324b07d3-fb0a-46b4-bbcf-e7fba158e34f,3,PayPal,2023/8/13,Paid,33577 Anderson Mountain,East Kristen,W9 1CS,United Kingdom
73727,21998224,100.72,2024/10/10,47255017-f90e-4d4a-be55-7916bfa2e2c9,1,Credit Card,2024/10/13,Refunded,56018 Young Stravenue,Lake Jamieview,NE21 3EV,United Kingdom
24640,64456185,159.4,2023/5/3,c5c2e3e7-dd27-44da-9c97-1342661387bc,1,Apple Pay,2023/5/29,Pending,051 Christopher Mountain,Grahamfurt,YO60 3BJ,United Kingdom
99792,75205582,38.91,2023/6/17,4f729d37-8bfa-4380-b958-e88bc4e7f077,3,Debit Card,2023/7/4,Pending,7693 Garcia Cliff,Emilyview,SE48 7VL,United Kingdom
35622,34755567,85.25,2023/6/3,8fe5c78c-b539-4b28-9f0a-54c423289f34,2,Google Pay,2023/6/15,Paid,700 Gutierrez Shoals,Randallview,G45 0JC,United Kingdom
11621,88176089,23.34,2023/4/11,6ccadec8-a4a8-4965-a355-46f7e1d6d035,1,PayPal,2023/5/6,Pending,86139 Stephanie Pass,Dunnborough,EH66 5UE,United Kingdom
36007,45332803,74.9,2024/7/1,43923bfb-3c7f-44d4-8f1f-4a822adda8f6,3,Debit Card,2024/7/26,Pending,17144 Lane Rapid,East Ann,NE75 9MY,United Kingdom
49030,79579223,54.87,2023/8/1,aff76150-ece3-4cf0-9227-55b7ce93048d,3,Credit Card,2023/8/13,Paid,302 Walton Hills,West Vickieland,EH44 3TO,United Kingdom
27674,43007718,84.7,2024/9/18,db19bfdd-deb2-4c63-9131-156bc4e36df9,1,Credit Card,2024/9/19,Paid,91850 Stephen Village,West Hollyhaven,L87 2PR,United Kingdom
80226,44768864,57.86,2023/8/24,99b142fd-173c-4be9-940e-c2562c6005bc,1,Debit Card,2023/9/5,Paid,64146 Hart Club,South Philipberg,SE41 7NJ,United Kingdom
26282,69875861,176.48,2023/2/12,0d1eab40-39ce-464a-bc55-24a85b28f772,3,Credit Card,2023/3/6,Pending,8863 Fleming Springs,North Maryland,W53 4IE,United Kingdom
93342,39699868,139.08,2023/12/21,e6a55704-1976-45bb-8efd-b25afcfdfc34,1,PayPal,2023/12/27,Refunded,1453 Cooper Terrace,Marytown,DE13 3HK,United Kingdom
59926,83744919,159.37,2024/7/14,ae42da58-c3d0-4e1a-9851-772a91e1db79,3,Debit Card,2024/7/15,Paid,1798 Bullock Lights,North Bryanshire,SE80 6AH,United Kingdom
24985,33025175,153.68,2024/12/20,8286fcbe-052e-482e-b824-c142c851a492,2,Credit Card,2024/12/28,Refunded,92708 James Valleys,Port Kenneth,AB68 1BG,United Kingdom
70331,48299857,41.95,2024/8/14,856c30d2-32d4-4d87-8565-5bd7e7156aca,2,Google Pay,2024/8/16,Paid,0404 Summers Islands,North Wendyhaven,DE33 7HH,United Kingdom
19434,80641103,148.74,2023/4/8,c911ca73-07c1-473d-a77a-4b9db5d31635,2,Google Pay,2023/4/29,Paid,228 Jones Route,South William,W59 5SY,United Kingdom
82831,58412169,54.28,2024/10/2,00918eae-57fb-408b-9418-882088786053,1,Debit Card,2024/10/16,Paid,37142 Stephanie Plain,Port Allisonton,DE31 6KX,United Kingdom
35294,41702350,108.7,2023/6/2,8c76c4ce-c5f2-47ee-bd1f-84c659fa7ee0,2,Credit Card,2023/6/12,Paid,13499 Jacob Summit,Walkerstad,EH30 9WO,United Kingdom
60950,47972972,96.19,2023/10/5,d123399f-e5d4-4d6d-aeac-04a9f3e16dd6,1,Credit Card,2023/10/11,Paid,7073 Steve Plains,North Allisonton,L7 0SQ,United Kingdom
38806,57183860,70.85,2024/11/26,12aa229e-50ea-4a31-8dd7-15fc0caf4b3f,1,Credit Card,2024/12/9,Paid,5428 Stewart Rue,West Crystal,EH29 1HP,United Kingdom
98622,88765405,20.67,2024/11/21,abe0ad13-621b-495f-a164-745cd4d53b2b,3,Debit Card,2024/12/13,Paid,64507 Anthony Brook,East Danielberg,W63 4QV,United Kingdom
42192,91037662,31.34,2023/9/25,22286295-c905-463c-a5a3-49c3c44b38ec,2,Google Pay,2023/10/10,Paid,64146 Hart Club,South Philipberg,SE41 7NJ,United Kingdom
86464,79298379,139.09,2023/9/18,9cdaf080-1159-4a68-b70f-3f811c4f518e,1,PayPal,2023/9/27,Paid,8314 Taylor Keys,Williamhaven,NW53 1UW,United Kingdom
77548,77865346,60.82,2023/5/4,c23d2013-f34d-4cc8-aed3-a97938e4941f,1,Credit Card,2023/5/15,Paid,70135 Jennifer Mountains,Jasonside,M96 0EK,United Kingdom
37365,18837019,139.01,2023/8/9,de2d1cc8-74d6-44b2-99de-3bc7910035a9,2,Google Pay,2023/8/22,Pending,56717 Shelton Parks,North Jeffrey,M57 8ZN,United Kingdom
29099,50902113,192.19,2023/1/23,4a7d5b49-7d35-412d-8f33-c0936b5977d9,1,Apple Pay,2023/2/10,Refunded,34667 Moore Stream,Gardnerberg,CF72 6OW,United Kingdom
97726,79066664,70.93,2023/10/21,c14c77df-4a0e-4fc3-a6d9-93b07a03a5b3,1,PayPal,2023/11/7,Paid,39491 Bailey Manors,South Brian,BT17 2BB,United Kingdom
98201,11940590,39.58,2024/12/1,efd4bde0-ad3b-4b88-a00a-8e1a2e4d18c4,3,PayPal,2024/12/20,Pending,03276 Veronica Terrace,Jamesfort,SW33 8FF,United Kingdom
87867,12422299,57.77,2023/7/24,d7ce0998-6184-413e-b4ee-3ad97dc72868,3,Debit Card,2023/8/19,Refunded,12304 Thomas Inlet,Mitchellmouth,NW36 1YR,United Kingdom
77884,30193796,196.99,2023/9/16,43c28f2d-2df8-4252-9b6e-b394a8bbdf40,2,Apple Pay,2023/9/21,Refunded,919 Matthew Valley,Hoganmouth,DE68 5DG,United Kingdom
64295,79467549,180.74,2024/4/18,a9d8d61d-ddee-446d-a998-e3ac65c972c4,2,Debit Card,2024/4/30,Paid,5690 Conner Curve,Johnstonmouth,G88 1PH,United Kingdom
85716,96969516,161.87,2023/7/13,8157998d-31a9-4251-87d9-ce4885aff0fe,2,Debit Card,2023/7/24,Refunded,112 Timothy Highway,Port Gabrielleton,W61 5UB,United Kingdom
31240,59367859,63.3,2023/7/26,21b16f3d-ab76-445a-92db-2b8ad7e2d1b6,3,Apple Pay,2023/8/24,Paid,7807 Heidi Circle,New Patrick,NW42 2UV,United Kingdom
75214,51616891,88.07,2023/4/16,7611934f-3d2f-4073-889d-fdec12b2510c,1,Google Pay,2023/5/5,Paid,2827 Jones Mission,Lindseystad,NW32 0DA,United Kingdom
36390,86058644,185.77,2023/11/28,0f553d40-d932-4101-a51c-05c82ea4ec31,1,Credit Card,2023/12/18,Paid,884 Jerry Glens,North Erin,G8 4SS,United Kingdom
91662,51669724,176.61,2024/2/15,2c9993fd-787f-48e7-8c16-34876ca162c3,3,Credit Card,2024/3/11,Paid,848 Jay Meadows,Port Dalefort,SW12 3LY,United Kingdom
78167,21688369,119.71,2024/3/25,3d01b784-0d4f-4742-ab8a-aa90b287a583,1,Apple Pay,2024/3/27,Paid,681 Brown Streets,Port Catherine,G51 8AS,United Kingdom
74632,92099493,132.34,2024/4/18,dd7ea716-b0ed-4f1e-a7c4-93bbcbb8d8cf,1,Debit Card,2024/5/8,Refunded,2655 William Roads,Justinfurt,M83 4XP,United Kingdom
79659,53037996,84.15,2024/5/2,248dddd1-e295-4435-b0cd-431bdf0d9f3b,3,Google Pay,2024/5/13,Paid,5428 Stewart Rue,West Crystal,EH29 1HP,United Kingdom
95966,51834622,104.58,2023/4/29,96d2a5b2-fc15-4c77-aa4b-28a4ffa946df,1,Credit Card,2023/5/28,Paid,1096 Williams Dale,Shahfort,EH83 8NN,United Kingdom
88557,25843018,20.64,2024/2/17,abb8768a-f5ce-4cc8-b373-c45a4730044d,3,Apple Pay,2024/3/5,Paid,17231 Bell Harbors,Christopherstad,AB92 7AA,United Kingdom
68294,47811371,53.55,2023/10/16,a74d2cba-96c0-4bd8-a3cb-f60de446964e,3,Apple Pay,2023/11/6,Pending,533 Ramirez Mill,South Kennethville,L89 7CS,United Kingdom
23310,15290271,69.22,2024/1/6,30f9c6a2-dee0-4bd0-ab21-56ef56b9e8e2,1,Google Pay,2024/1/12,Paid,0897 Burch Pike,East Amanda,SW89 7XN,United Kingdom
56141,53995650,54.44,2024/7/23,152e3e52-2af7-4d11-9073-9566b175d89a,1,Apple Pay,2024/8/4,Paid,393 Erin Squares,Christineville,M75 3HJ,United Kingdom
39518,72460354,94.93,2023/12/24,9f3f8fc0-0384-40a7-a6fe-eb21075412df,2,Credit Card,2024/1/18,Paid,66192 Michael Canyon,Laneville,SW24 0LT,United Kingdom
51220,15020327,62.5,2023/12/16,ea2a5fa0-6130-46e0-83f2-0d6201637bf2,1,Google Pay,2023/12/26,Paid,6010 Miller Motorway,Kennethland,YO15 1TK,United Kingdom
71220,93567970,24.15,2023/5/22,53647d19-066d-40ed-b3ea-55c720368c64,2,Credit Card,2023/6/3,Refunded,051 Christopher Mountain,Grahamfurt,YO60 3BJ,United Kingdom
39057,39150175,115.84,2024/4/26,c4227c4f-34fd-467f-9d35-48fb01e0db5e,2,Debit Card,2024/5/6,Paid,2732 Hanson Hills,Port Susanfurt,YO10 6HP,United Kingdom
17944,48980423,26.14,2023/12/15,f2ab35fe-d8d6-4122-9ee5-f8017196edf0,2,Credit Card,2023/12/30,Paid,547 Black Corner,West Nicole,SW42 5HW,United Kingdom
18629,53031194,109.59,2024/2/9,d1aa5076-ee17-42c7-8d6a-47cfd1c888e4,2,Credit Card,2024/3/6,Paid,46060 Michelle View,Haleyfort,EH52 4VO,United Kingdom
20194,10303920,88.77,2024/3/7,f206b54a-cc1e-4032-b7f0-6d67e3c40717,2,Debit Card,2024/3/21,Paid,0775 Powers Spring,South Erinview,G27 3XY,United Kingdom
34150,94671014,141.95,2024/6/4,9d93fb19-8b79-4a92-b698-2b5daf3b207c,2,PayPal,2024/7/4,Paid,604 Hickman Points,Fraziershire,CF49 5DZ,United Kingdom
40848,25542102,114.02,2023/10/10,90a1921b-dfd2-41fa-884c-86eb55a18b8d,1,Apple Pay,2023/10/25,Pending,6989 Simon Mount,New Kristin,G73 0IK,United Kingdom
66852,48986427,74.44,2024/1/31,f2e611cc-4247-4564-9256-dec1030f200e,3,PayPal,2024/2/9,Pending,61831 Phillip Vista,Bethanyside,AB14 7PL,United Kingdom
92799,40337616,158.46,2023/7/17,49c16c4b-97af-4da3-954f-bc19d645877d,1,Credit Card,2023/7/19,Paid,35549 Cameron Harbor,South Claire,EH57 5WL,United Kingdom
65549,79337729,72.41,2024/11/30,b7bac7be-b842-4925-a8fd-d16c1c79b8ac,3,Google Pay,2024/12/14,Paid,37142 Stephanie Plain,Port Allisonton,DE31 6KX,United Kingdom
54597,86392593,62.52,2023/1/23,a562e265-88de-4622-9c94-4ef02620d4c8,2,Debit Card,2023/2/9,Refunded,69940 Williams Inlet,Juliestad,DE38 5MY,United Kingdom
83838,31310507,104.09,2024/4/20,48028a8b-b664-4955-b3b0-6103dbe22e4b,2,PayPal,2024/5/10,Paid,1938 Thomas Wall,West Susan,M56 1BO,United Kingdom
95283,97152169,96.88,2024/1/5,d6405bcb-f5b1-43e6-a943-58117a17582b,3,PayPal,2024/1/19,Pending,502 Eric Junction,Leeside,W50 2LV,United Kingdom
84413,42996655,79.41,2023/8/18,4f5738c9-3764-4246-b9fc-8487fdb8d1df,1,Debit Card,2023/8/20,Paid,2655 William Roads,Justinfurt,M83 4XP,United Kingdom
97404,57247751,33.18,2024/11/18,5609d4af-deb0-4ac7-8c72-bc05ecaaf177,2,PayPal,2024/11/27,Paid,7866 Kelly Highway,East Lisafurt,CF17 7RE,United Kingdom
83316,95404612,114.34,2023/12/13,2445e475-21cd-4336-8df2-d306272e2749,2,Google Pay,2023/12/17,Paid,9082 Timothy Spurs,Port Josephland,M6 7WS,United Kingdom
53665,70893633,165.15,2023/2/1,ba9930e9-dd64-44c7-9fbe-5c3a884c16c0,1,PayPal,2023/2/25,Refunded,399 Angela Spurs,South Jason,BT17 4VW,United Kingdom
87078,18260633,77.12,2024/7/19,d6ae2a8a-d08b-4f8a-88c2-ea5ee78de39e,2,Apple Pay,2024/8/17,Refunded,895 Michelle Ridge,Barnesside,W82 1XF,United Kingdom
26400,13700393,76.16,2024/10/9,f07eee7d-7e3c-4cf5-8fc0-0062998e8a33,2,Debit Card,2024/11/4,Paid,79996 Robert Center,Reidborough,AB74 1AU,United Kingdom
63073,20578213,43.53,2024/10/8,f544078f-32fe-4031-9122-127d90b032dd,1,Apple Pay,2024/10/14,Pending,1924 Michael Inlet,South Barbara,G96 5AQ,United Kingdom
16050,82422605,89.27,2023/9/24,2b4870c5-f4c5-446b-98ea-3f2e2768a29f,2,Credit Card,2023/10/4,Refunded,39491 Bailey Manors,South Brian,BT17 2BB,United Kingdom
30956,57249198,55.23,2024/10/7,b05af76a-7df6-4a54-9a76-8d84d3f29235,2,Apple Pay,2024/10/25,Refunded,45949 Solomon Overpass,Stevensonland,WC69 4LK,United Kingdom
28524,40420159,44.49,2024/11/15,872a8f52-62e4-464d-82d0-b87813878879,1,PayPal,2024/11/22,Paid,82374 Wright Lodge,North Dannyport,SW86 1RY,United Kingdom
17344,84919789,78.95,2023/9/17,46b5f567-5773-4a8a-bc1b-eaf657e6da1b,2,PayPal,2023/9/27,Pending,45114 Hutchinson Course,Andrewview,CF3 2CO,United Kingdom
17941,85281042,108.67,2024/1/31,7bebfa55-c9a4-4af9-978d-10761b90d531,2,Credit Card,2024/2/29,Paid,586 Nicholas Corners,Davidstad,L67 3EG,United Kingdom
41015,34414804,113.41,2023/8/6,4d8eb80b-1c7d-470e-8aad-0de56415c8e9,1,Debit Card,2023/8/30,Paid,513 Fletcher Keys,South Chaseshire,NE17 9PV,United Kingdom
95414,72865585,115.78,2023/8/7,15347888-d92c-460c-ab18-039923523805,3,Credit Card,2023/9/6,Paid,149 Collin Course,New Timothytown,SW79 9RY,United Kingdom
20021,84883164,118.3,2023/3/24,53dcc8d5-acb1-48c5-ba9e-40ad899d9c57,1,Credit Card,2023/4/23,Paid,1397 James Fork,South Mitchellchester,L84 7FS,United Kingdom
11936,26554015,128.25,2024/2/24,aebbd512-2fb9-4fc7-94ec-6cf90ca801d9,3,Debit Card,2024/3/6,Paid,03822 Ramirez Ports,Bergland,M71 0OW,United Kingdom
39997,54297045,102.29,2023/7/31,5a1ab78f-9419-4756-93ae-cba187f4d275,3,Debit Card,2023/8/6,Paid,27539 Emily Well,New Gordon,AB23 9YO,United Kingdom
36374,85025283,46.27,2024/7/29,9a7f1438-53db-44a3-9e21-45d28c26c475,2,Apple Pay,2024/8/3,Paid,4149 Jeremy Lights,Watkinston,L82 4JU,United Kingdom
41523,90472807,176.27,2024/8/13,44292ddf-da04-4fe8-b490-5071b5ea5379,1,Debit Card,2024/8/16,Paid,27228 Acosta Gardens,South Jessicaside,L62 0ZG,United Kingdom
25119,65706490,61.4,2023/2/17,c79f80b8-df2f-4a8c-8202-582f00ec749e,3,Apple Pay,2023/3/14,Pending,857 Sullivan Via,Lake Yvonne,EH41 7QU,United Kingdom
36780,73623227,58.95,2025/1/3,c8d96566-1aa0-49a1-95ee-829e1418222b,2,Debit Card,2025/1/13,Paid,4726 Franklin Park,Davisland,BT45 9MS,United Kingdom
84073,81087311,107.22,2024/4/11,88ec268c-8f34-4b7f-9be6-9515e7c45511,3,Credit Card,2024/4/26,Refunded,4697 Makayla Roads,Kimberlystad,W98 0QL,United Kingdom
54035,69843890,50.0,2023/7/9,ee84afdc-d714-44f9-b35f-5f3b2404252e,3,Credit Card,2023/8/8,Refunded,459 Julie Land,Keithview,YO90 6TU,United Kingdom
24439,96992228,90.67,2023/4/25,afecb14d-f5a6-4eb4-83e6-000f1c720462,1,Google Pay,2023/5/16,Pending,8337 Shelly Terrace,Lake Lisa,NW98 1TF,United Kingdom
31503,56520833,37.57,2023/11/19,5f5e2ec3-f95f-4b71-bda7-68a0e6b46998,1,Google Pay,2023/12/10,Refunded,64507 Anthony Brook,East Danielberg,W63 4QV,United Kingdom
12416,26204304,63.38,2024/7/10,2be88a94-e1a8-4ba9-9227-731ced9fa131,1,Debit Card,2024/8/2,Paid,987 Woods Port,Port Timothy,G95 6LB,United Kingdom
31827,77930359,72.45,2024/12/9,dacdecfe-52d3-4d2f-9be0-67ff7c101905,3,PayPal,2024/12/28,Paid,03276 Veronica Terrace,Jamesfort,SW33 8FF,United Kingdom
85013,20598647,92.13,2024/3/30,6ebd5ab1-6743-47bd-b23f-43c69db8cdf1,2,Debit Card,2024/4/8,Pending,604 Hickman Points,Fraziershire,CF49 5DZ,United Kingdom
68610,47149433,33.07,2024/5/31,f5951bc5-10cb-4842-baf0-a40d11470f8f,3,Credit Card,2024/6/2,Paid,72385 Matthew Causeway,Rogershire,NW12 2TZ,United Kingdom
28229,92589433,52.85,2023/9/22,89ae551e-0959-45c3-ae8e-f921467acfe5,3,Credit Card,2023/10/9,Paid,691 Robinson Roads,Andrewborough,BT22 2UA,United Kingdom
12290,53334932,55.39,2023/9/9,bf26e85e-d16e-495a-a983-7ecf8d400df4,2,Google Pay,2023/9/25,Paid,82606 Jones Hollow,North Christina,M47 9LR,United Kingdom
32443,17911149,46.33,2023/7/9,523433f6-7d58-464b-a288-f8e5819b525a,2,Apple Pay,2023/8/8,Paid,9912 Lewis Glen,New Rebecca,DE80 5WL,United Kingdom
55427,63578814,140.3,2023/12/23,ee2e8a39-9371-49a8-8409-d6bef5afcbec,1,Apple Pay,2024/1/22,Paid,1871 Joshua Trace,Lake Laura,DE30 9XX,United Kingdom
35906,74323922,44.43,2023/4/16,a997285d-d5c9-4e7b-b2ea-c9396f1819e7,1,Debit Card,2023/4/23,Refunded,355 Jorge Lodge,Englishton,EH49 5CD,United Kingdom
58111,56673588,84.62,2024/4/1,3ef857ff-c806-4ba7-ad5a-602abf2d5443,1,Apple Pay,2024/4/25,Refunded,3796 Thomas Isle,Nathanielmouth,NW44 5SX,United Kingdom
84379,68808307,29.03,2024/10/23,63ad797e-3964-4143-bc42-05345146867d,2,Credit Card,2024/11/20,Refunded,333 Garcia Haven,Port Mark,NW39 9RA,United Kingdom
88182,82843711,114.08,2024/12/27,b920f69c-83f0-46f0-9273-2272a6759cb3,3,Google Pay,2025/1/24,Refunded,2718 Austin Meadows,Wattsville,YO48 6QR,United Kingdom
37678,48745292,93.32,2024/10/18,b36d479b-2a7f-4af2-ad00-8932f42b810d,2,Credit Card,2024/10/20,Refunded,9985 Rios Station,Lake Cynthia,BT95 7DQ,United Kingdom
12099,20050047,86.93,2023/3/22,6002766f-5be3-456d-847b-e7bdd2416747,1,Google Pay,2023/3/25,Pending,89321 Carol Road,New Crystal,SW18 9NK,United Kingdom
52597,92900481,62.04,2023/7/7,f342591a-6b40-4f77-8ae3-69387635daf8,3,PayPal,2023/7/27,Paid,8908 Jennifer Cape,Kennethside,SE15 7MX,United Kingdom
72318,46355184,71.9,2023/2/25,806270a2-377c-4920-b245-257bb0ee8e6c,2,Debit Card,2023/3/6,Paid,72179 Kelsey Shoals,Seanchester,W62 6JJ,United Kingdom
59845,63514101,83.53,2023/3/6,146429de-3726-4aa9-880f-5b16e7116627,2,Debit Card,2023/3/27,Paid,025 Walker Locks,Port Benjaminshire,W60 4WG,United Kingdom
34936,64150994,20.77,2024/10/25,df479582-89f0-472b-94a3-ba9dc3d1fd90,2,Google Pay,2024/11/5,Paid,294 Luna Valleys,New Amyville,M74 5IA,United Kingdom
80057,66917484,151.73,2024/2/24,7e6dab9b-5746-401f-80fe-b521e0574e98,2,Apple Pay,2024/2/28,Paid,370 Reynolds Dale,Palmerland,W44 4HH,United Kingdom
90140,35303765,40.86,2023/9/10,2b25a576-c91d-41eb-9117-3458100e003c,1,Apple Pay,2023/10/5,Paid,65718 Cole Fords,Suzannetown,CF15 8VG,United Kingdom
45565,25210851,26.93,2024/2/19,20861ba0-c73b-4379-949f-4608dcc3b468,1,Apple Pay,2024/3/10,Refunded,848 Jay Meadows,Port Dalefort,SW12 3LY,United Kingdom
32905,47211276,76.32,2024/1/19,2c154f7e-badd-41c5-9fe1-f8efe5c9499e,3,Debit Card,2024/1/31,Refunded,12540 Mary Tunnel,South Josephton,YO82 5MD,United Kingdom
72608,18659973,50.6,2024/2/12,14a64f90-ca69-4b50-a15b-cc85c437c602,3,Debit Card,2024/2/18,Pending,87869 Gonzalez Field,Jamesberg,BT32 3KS,United Kingdom
20351,70314111,136.46,2024/10/11,7635b5b7-576b-4da1-a0fb-02447df782b9,2,Credit Card,2024/11/5,Pending,473 Dawn Alley,Port Ryan,WC51 4UI,United Kingdom
91233,96063225,174.37,2023/10/17,0209cb6e-aa63-406d-9691-fd5f6aae30ed,3,Credit Card,2023/10/21,Pending,943 Mary Park,Woodside,EH99 7GH,United Kingdom
96553,71904216,41.5,2024/3/26,9a5e0ff6-23bc-4d5c-b04c-2c7bdef0c179,1,Google Pay,2024/4/21,Paid,02525 Michael Plains,Brendaberg,L73 3EO,United Kingdom
29475,15987412,29.88,2023/12/29,93d3afec-2fa6-447a-99ed-716c8968a4f7,1,PayPal,2023/12/31,Paid,7073 Steve Plains,North Allisonton,L7 0SQ,United Kingdom
18739,35857565,64.19,2023/8/2,41ce01ee-25dd-44a0-9247-1c6192e7b255,1,Google Pay,2023/8/30,Refunded,1363 Andrew Pass,Johntown,CF68 7LI,United Kingdom
31556,72751521,62.93,2024/7/27,53ab24ad-8e59-4b2e-988c-068136772c88,1,PayPal,2024/8/15,Pending,144 Lauren Roads,West Michele,SW48 2SX,United Kingdom
32590,28763573,123.58,2023/10/17,4dc18977-eb60-434a-b315-59dc15397591,1,PayPal,2023/11/7,Refunded,069 Green Ford,Lake Juanville,BT52 4FK,United Kingdom
69183,54605864,69.72,2023/9/28,eabf2d39-96e1-469d-ae9a-b425471bcc47,1,PayPal,2023/10/21,Refunded,72664 Cherry Locks,Stewartberg,WC61 4LI,United Kingdom
18214,35704093,90.97,2024/3/6,c0170a91-2495-449c-9ccf-26c82bdb0eb5,2,Debit Card,2024/3/16,Refunded,5343 Obrien Row,South Barbaraberg,YO91 9SB,United Kingdom
99191,79432592,141.63,2023/3/30,e3cc9020-5fe8-4d0f-9400-2b3fa1baa1cd,2,Debit Card,2023/4/22,Paid,457 Green Meadows,South Matthew,G45 8QD,United Kingdom
47094,79886244,44.58,2024/11/5,167380da-b288-46cf-8bdf-21ad04f5ad5d,3,Credit Card,2024/11/25,Paid,9398 Russell Forges,Lake Bradleychester,EH2 0WB,United Kingdom
84962,74672553,164.36,2023/12/31,29aab216-7fa8-49b2-8469-cd7825935c47,1,PayPal,2024/1/28,Pending,86670 Johnson Crescent,Lopezview,SE23 1HB,United Kingdom
71984,33312176,110.55,2023/6/6,1b20553e-39ee-4de2-9d5d-df48ba8a5eea,1,Debit Card,2023/6/26,Paid,1451 Patel Street,North Jessica,CF10 2SD,United Kingdom
20612,87241816,194.22,2024/1/3,1c066c6f-9a41-432d-813a-fc518c97371b,2,Credit Card,2024/1/29,Paid,3863 Ortega Forges,Christophershire,NW85 6WD,United Kingdom
91910,72221670,88.15,2024/11/5,9d6c18bf-a189-4186-9681-5123dcebb52f,1,PayPal,2024/11/13,Pending,0694 Smith Drive,North Andrew,NW51 2HH,United Kingdom
16181,56816404,57.42,2023/4/20,9ddd0c74-7d8c-43cb-9b72-b3a568e73a9d,3,Apple Pay,2023/5/2,Paid,1501 Holland Groves,Jennaview,M90 1QI,United Kingdom
56079,34732495,71.77,2024/3/2,5c0fc3f6-831a-42b4-b6b4-209351a2e18f,1,Apple Pay,2024/3/14,Paid,3917 Jordan Neck,Smithview,YO73 6AI,United Kingdom
18689,41957078,151.18,2023/7/18,c1716b46-5c6c-494e-8d92-2cd8036cb4fb,1,Apple Pay,2023/8/14,Refunded,56018 Young Stravenue,Lake Jamieview,NE21 3EV,United Kingdom
46602,14703156,69.74,2024/7/25,6ad4a4e4-a16f-4b59-8ae5-500eeee168ad,1,Credit Card,2024/8/5,Pending,7127 Smith Oval,Branchview,EH91 7ZO,United Kingdom
20820,91817574,34.95,2023/7/24,8d272571-ed1e-4c0d-89b5-61ff4a8a8090,2,Apple Pay,2023/7/28,Pending,749 James Points,Port Tammy,SW25 0UY,United Kingdom
27626,59438102,60.44,2023/5/19,a8b078aa-2279-45a3-972f-d84455fc929a,3,Apple Pay,2023/6/14,Refunded,48733 Beth Estate,North Sherristad,YO18 2JM,United Kingdom
17098,62665489,190.31,2023/7/7,66322526-5010-4be0-ae9d-b23aa9d0232a,1,Google Pay,2023/8/5,Refunded,27228 Acosta Gardens,South Jessicaside,L62 0ZG,United Kingdom
46470,92814781,92.94,2024/10/5,2aa3dcfa-fb44-4073-be6e-6c08a9b258bd,3,PayPal,2024/10/21,Refunded,7280 Mann Lodge,Lake Matthew,SE37 7NW,United Kingdom
62638,53375403,30.2,2023/2/10,623f7e55-fa6d-43bc-a714-88a306f71d12,1,PayPal,2023/3/10,Refunded,9906 Vincent Path,Lambtown,M51 5LN,United Kingdom
42366,11413735,31.49,2023/10/20,8a4a8595-493f-49e8-864b-aadd9a6e3733,3,Debit Card,2023/10/22,Paid,91850 Stephen Village,West Hollyhaven,L87 2PR,United Kingdom
17493,48282041,141.32,2023/12/17,dee17bb8-2411-463e-9ec4-08d0432261f8,2,Google Pay,2024/1/5,Pending,5690 Conner Curve,Johnstonmouth,G88 1PH,United Kingdom
29618,81003815,183.53,2023/3/7,28348a39-f7b0-4320-a283-55ab15158371,2,Debit Card,2023/3/24,Paid,874 Elizabeth Forge,East Heatherfurt,SW16 8WJ,United Kingdom
22095,59886078,178.56,2024/12/25,61948a3a-0690-459c-ba79-a2ee9c17751b,2,Google Pay,2025/1/22,Paid,13266 Campos Fort,North Mariahshire,L12 5RF,United Kingdom
97736,65079371,133.87,2024/5/25,d93de059-1f35-4b37-b510-37c27d14ac86,3,Apple Pay,2024/6/7,Paid,749 James Points,Port Tammy,SW25 0UY,United Kingdom
12530,14698908,21.89,2023/7/30,90fbd045-59ba-4949-b78b-88bbff7beb55,2,PayPal,2023/8/1,Paid,4874 Amy Burgs,Loganmouth,DE10 2GI,United Kingdom
35945,89996745,184.45,2023/6/29,30d4f71e-f5e8-487e-aa63-407e58f56b81,3,Debit Card,2023/7/8,Paid,475 Michael Crescent,Lake Logan,AB14 3NQ,United Kingdom
20164,45362698,172.39,2023/6/23,85c7d7c3-0dfe-4f39-9fd6-bbc581e4a768,3,Credit Card,2023/6/24,Pending,2594 Cherry Vista,Williamberg,DE42 9IA,United Kingdom
30712,28916258,127.31,2023/9/6,67b22bda-3875-4f4e-9791-6eb4d4b18b1b,1,Google Pay,2023/10/4,Paid,868 Maria Plains,East Charles,M21 2MX,United Kingdom
68726,74089034,28.87,2024/11/29,8c9d5ff9-bf4a-4af5-8777-01a308e38a34,1,Google Pay,2024/12/26,Paid,5959 Billy Mission,West Michael,SW55 2CN,United Kingdom
21910,93702125,25.51,2023/12/28,dadf6c08-93ea-4314-ae08-28b3ab183a88,1,PayPal,2024/1/24,Refunded,0694 Smith Drive,North Andrew,NW51 2HH,United Kingdom
70164,57239053,108.99,2023/11/21,7e72aeaa-0dce-4b7c-8478-36875168aa05,2,Credit Card,2023/12/15,Pending,5563 Rice Port,Wesleyfort,DE51 7VC,United Kingdom
17907,72763283,107.29,2023/6/13,2783a6a2-7a37-4070-a563-e59cdbe3cf7e,1,Google Pay,2023/6/28,Paid,1894 Samantha Union,Patriciaview,NE37 2QU,United Kingdom
93721,83449953,144.97,2023/11/18,524fd428-fe56-488d-9e27-2afd979d18bf,3,Apple Pay,2023/11/24,Refunded,8974 Carrie Forges,Leblancburgh,G86 5BP,United Kingdom
51067,89704575,108.41,2024/12/30,7667a0b3-9812-45ca-acae-dd3fb31ffc6a,1,Debit Card,2025/1/15,Paid,9639 Nicole Light,Barryborough,YO66 2II,United Kingdom
59144,38264957,61.16,2024/11/10,8a5fc1f4-8af3-46bf-a097-c2e33e2b470e,1,Credit Card,2024/11/11,Paid,8337 Shelly Terrace,Lake Lisa,NW98 1TF,United Kingdom
50502,33011362,42.93,2024/5/12,dbd89f62-414a-4726-a47a-de62d6850159,3,Debit Card,2024/6/6,Refunded,681 Brown Streets,Port Catherine,G51 8AS,United Kingdom
28705,86794014,84.15,2023/4/11,62621c7d-aadd-4db3-91bc-d495752ebf97,1,Apple Pay,2023/5/4,Paid,026 Moore Meadows,Candicefurt,W82 5WP,United Kingdom
65897,41530851,33.6,2024/12/3,e4b58e9c-49b5-49b5-82f7-dc83ed84d5cd,3,Google Pay,2024/12/22,Paid,05789 Fox Glens,Mckenzieport,G81 8HX,United Kingdom
30420,83262001,160.29,2024/4/23,709d8a44-6a33-4744-a073-2ccad3dbfa1e,2,Debit Card,2024/5/20,Refunded,059 Jennifer Ramp,South Michael,NE80 7PE,United Kingdom
22913,98727408,78.65,2023/4/29,5fa3ebaf-5ab6-4025-ad43-3d79ef018a55,3,PayPal,2023/5/21,Paid,1869 Stark Squares,Anthonyport,M31 9HF,United Kingdom
77541,10791375,85.95,2024/11/20,49d20e7c-78f4-4933-a4ae-d1ffe7163701,2,Debit Card,2024/12/5,Paid,797 John Summit,South Morgan,DE47 9KO,United Kingdom
70192,52420510,93.44,2024/8/28,9a9e818c-91e0-44f5-9005-d5f4d66a5016,2,Debit Card,2024/9/10,Refunded,66192 Michael Canyon,Laneville,SW24 0LT,United Kingdom
83015,99365296,65.91,2023/2/27,fd3afbbf-ef69-47ea-baa5-9454e4ffc8be,3,PayPal,2023/3/12,Paid,1451 Patel Street,North Jessica,CF10 2SD,United Kingdom
88689,24495185,41.38,2024/8/27,7afb686c-19ae-4a2e-b945-f5df0c38badf,2,Google Pay,2024/9/14,Paid,419 Alvarado Ridge,Warnerton,EH21 2XH,United Kingdom
27310,40205376,179.65,2024/7/17,0f6252eb-184a-4601-bba9-66e76a188fe8,3,Google Pay,2024/7/28,Paid,6156 Stone Keys,New Charles,W35 5QA,United Kingdom
32086,41134197,147.61,2023/6/14,88e9f90b-a70c-4522-8796-6208d4c20aed,3,PayPal,2023/6/29,Paid,2732 Hanson Hills,Port Susanfurt,YO10 6HP,United Kingdom
55221,37110338,198.29,2024/7/27,104a16f1-53e4-4f68-9c8f-377d4baec3e4,2,Debit Card,2024/8/24,Refunded,228 Jones Route,South William,W59 5SY,United Kingdom
70200,77232879,29.63,2023/10/3,0258e79f-d31e-4f72-9be1-ab4019d0280d,3,Apple Pay,2023/10/12,Pending,95568 Nelson Summit,Bellfurt,CF74 8NW,United Kingdom
52000,56854463,42.73,2023/4/12,689afd5e-adf2-4bb9-99c8-f76d2a4b628c,1,Debit Card,2023/4/15,Paid,7935 Thompson Hill,Thomasfurt,W49 7VY,United Kingdom
15271,32818357,69.05,2024/9/24,67978869-2d2f-46b7-b099-ca3f8f67ff67,3,Google Pay,2024/10/11,Pending,294 Donna Drive,South Donnamouth,BT31 4VC,United Kingdom
66399,74999567,194.46,2023/9/2,f071ed8e-e30b-4cf6-9b18-ac9122ed124e,3,PayPal,2023/9/16,Paid,045 Martin Trace,Johnsonberg,WC14 0MX,United Kingdom
95048,19237985,83.22,2024/3/2,003c23eb-d4ee-4394-95a8-3f4416950469,1,Google Pay,2024/3/27,Refunded,280 Smith Grove,Mistyburgh,L74 0MI,United Kingdom
14176,83762346,191.86,2024/1/9,c132e111-bfc7-4786-a45e-68025ca53149,1,Credit Card,2024/1/16,Pending,9392 Todd Radial,East Angelafort,G43 8RM,United Kingdom
16113,42587176,29.94,2023/2/22,e2ff07ef-84ed-4cdf-9d01-9e6ff1ac3f33,1,Debit Card,2023/3/11,Paid,54525 Kevin Oval,Port William,L72 1WF,United Kingdom
90070,77126425,93.99,2024/1/12,957622b5-9222-482a-985a-06b02149d8a4,3,Apple Pay,2024/2/5,Paid,1938 Thomas Wall,West Susan,M56 1BO,United Kingdom
73797,28078368,80.13,2024/10/18,8faaff8f-912d-440c-94f4-e2dde10513ad,1,Google Pay,2024/11/13,Paid,01108 Jose Stream,West Lee,EH87 0PK,United Kingdom
63874,12007602,116.8,2023/1/31,500edfd5-6567-4020-a8c1-9c5903a5284f,2,Apple Pay,2023/2/2,Paid,7431 Brandon Meadows,Portermouth,NE23 8UQ,United Kingdom
59918,28499987,96.91,2023/10/28,ea655748-030f-4b4b-bc4d-9a5975f42aba,1,Credit Card,2023/11/20,Paid,22993 Jones Squares,New Brian,NE87 2KB,United Kingdom
67844,70100678,56.32,2024/11/6,54f7f015-91c0-43ba-adc1-4bb2545b0981,3,Google Pay,2024/11/19,Paid,7011 Thompson Ranch,Hammondstad,NW1 2LA,United Kingdom
41608,75904763,153.57,2024/9/7,a0ee3c1e-1158-421b-b48f-8169b7e7b39b,3,Apple Pay,2024/9/25,Refunded,054 Thomas Crest,South Jonathan,NE26 4KC,United Kingdom
83022,31943537,158.94,2023/12/9,6f3756e8-100d-4952-bbf5-b4be8137cbec,3,PayPal,2023/12/10,Paid,2716 Smith Streets,North Nancy,NE29 9KU,United Kingdom
28580,30613032,85.23,2024/11/12,e2cba08c-2cb4-419e-b3c5-91cdec927dd2,1,Debit Card,2024/11/14,Pending,1453 Cooper Terrace,Marytown,DE13 3HK,United Kingdom
15973,32090167,190.27,2024/8/31,cdc41211-3f9a-4cc2-a2d1-299c26548087,1,Credit Card,2024/9/18,Paid,0131 Bryan Row,Maryton,G72 8XY,United Kingdom
39561,55141635,98.53,2023/9/18,87afd32c-2a7a-4cf8-bf90-8b3036bdbf80,1,Credit Card,2023/10/15,Paid,2697 Natalie Avenue,West Davidfurt,L51 1JX,United Kingdom
12520,61697830,197.19,2023/11/30,7ada26be-db0f-4b49-af57-34e057733fc8,3,Apple Pay,2023/12/26,Paid,628 Jeanette Way,East Annette,SW26 1EQ,United Kingdom
20086,81369798,105.2,2024/3/12,feeec6e9-155d-4ef6-9679-c2149c13738e,2,Debit Card,2024/4/10,Refunded,882 Kenneth Mountains,Port Bonniemouth,SW69 6CM,United Kingdom
88082,89531504,91.04,2023/2/15,e0f65c0a-27c4-404e-ad52-d02f4ccece11,1,Debit Card,2023/2/27,Refunded,8764 William Fords,Murphybury,EH45 9KW,United Kingdom
24376,24735010,99.3,2024/4/23,200aad51-5061-471c-985e-4e72d105ac57,3,Debit Card,2024/5/4,Paid,0617 Johnson Street,North Lisa,W94 1PE,United Kingdom
37733,11725203,26.42,2024/9/11,621caea9-954b-44c6-89a2-55196872b0b3,1,Credit Card,2024/9/22,Pending,00246 Glass Cliff,Cassandraside,AB32 0BL,United Kingdom
87627,79154010,22.27,2023/11/11,b816cc49-26b7-4695-8e53-57b861796ec4,1,Apple Pay,2023/12/3,Pending,6247 Karen Ferry,New Meganville,SE75 4CR,United Kingdom
87324,22383401,83.67,2024/2/11,22f166e5-3c5b-4381-9475-c5f666ea8f8e,3,PayPal,2024/2/25,Pending,112 Timothy Highway,Port Gabrielleton,W61 5UB,United Kingdom
32622,52142233,196.64,2023/8/29,13837cc9-6df0-4b0e-97cd-9613501c2099,3,Debit Card,2023/9/6,Refunded,37142 Stephanie Plain,Port Allisonton,DE31 6KX,United Kingdom
18073,21959587,164.33,2023/2/20,0e7ca9f6-ee12-4abe-bfe4-abab66a0a756,3,Debit Card,2023/3/20,Paid,987 Juan Parkways,South Sarahberg,NE72 3OF,United Kingdom
10471,46719072,135.5,2023/7/4,9aae5968-6f54-4dd1-a4f7-a34f35db978c,3,Google Pay,2023/7/27,Refunded,228 Jones Route,South William,W59 5SY,United Kingdom
81591,30023342,143.56,2024/2/6,63bda9ca-02ba-4540-9ae1-c9588ce064ce,1,Debit Card,2024/3/4,Pending,4414 Brandon Lock,North Brandy,NE56 6WP,United Kingdom
95462,35690056,34.47,2024/7/15,4ef1b4fa-3995-451a-ace7-3dc30620d7f8,1,Apple Pay,2024/8/11,Paid,5959 Billy Mission,West Michael,SW55 2CN,United Kingdom
48743,61883702,52.66,2024/3/11,504cf2ba-d609-4024-9c47-ea35fda97ebb,3,Credit Card,2024/4/1,Refunded,07836 Johnson Radial,Bradfordside,CF91 4MW,United Kingdom
28479,49103072,99.91,2024/7/26,d2d47004-433c-4e23-b1a7-6586014f655e,1,Debit Card,2024/8/2,Refunded,12540 Mary Tunnel,South Josephton,YO82 5MD,United Kingdom
75250,38443296,45.71,2024/10/20,34a26e4a-a3b9-42d0-901f-cd6499f1a9b9,3,Credit Card,2024/11/4,Paid,0488 Ryan Squares,West Danielleport,WC21 1IZ,United Kingdom
63528,17510329,59.79,2024/1/9,bc22c593-9309-4b79-a60b-aac693153ebd,1,Debit Card,2024/1/10,Pending,459 Julie Land,Keithview,YO90 6TU,United Kingdom
52387,93998710,65.37,2024/12/9,078d8838-54a6-4e5d-9416-4fb700316e33,1,Credit Card,2024/12/14,Pending,39218 Tyler Passage,West Lawrence,DE63 1TO,United Kingdom
50557,61611351,68.02,2024/8/20,e06daddb-22fc-44a0-b0d5-abc07703f53c,3,Debit Card,2024/9/6,Refunded,524 Chase Track,Richardland,L42 5DF,United Kingdom
30361,70133805,170.96,2023/2/2,87377706-1549-4dc9-9c9c-c86bd31f81b5,1,PayPal,2023/3/2,Paid,926 Lane Path,Port Donna,SW17 9KL,United Kingdom
80350,59284862,36.93,2023/7/19,8509d5f5-a0d8-4a4e-9cb0-de53e6a9ec48,2,Credit Card,2023/8/11,Paid,60776 Timothy Mission,Jamesfurt,L84 0AJ,United Kingdom
10664,34534980,182.63,2024/3/12,33a073c2-53ea-44b7-90c9-24350b747107,3,Apple Pay,2024/4/1,Paid,1869 Stark Squares,Anthonyport,M31 9HF,United Kingdom
11083,52820074,28.67,2023/1/25,cae05819-e723-4fe2-b010-8e170a45e050,3,PayPal,2023/1/30,Paid,86670 Johnson Crescent,Lopezview,SE23 1HB,United Kingdom
33147,14770794,41.15,2024/2/1,a014a8b0-ac33-44b4-a0b8-59f4aad39e56,1,Debit Card,2024/2/9,Paid,1363 Andrew Pass,Johntown,CF68 7LI,United Kingdom
83127,24812165,107.41,2024/3/3,d09651ef-db73-4e26-a034-92d4e3326621,2,Google Pay,2024/3/26,Paid,2338 Burns Cliff,West Melissa,NE37 4UH,United Kingdom
80527,63152389,109.01,2023/11/19,d1590912-e7ef-437e-a0a4-3f7726d981bd,2,PayPal,2023/11/28,Paid,9392 Todd Radial,East Angelafort,G43 8RM,United Kingdom
68718,71314996,73.49,2023/3/25,572b6a5a-9e8a-4d0c-8aed-d3f5e5b6aa1f,3,Credit Card,2023/4/14,Paid,680 Dylan Fork,Gillespiemouth,BT2 0TP,United Kingdom
64055,65998367,43.84,2023/3/17,dba85a7d-1560-49db-96f6-be014d4b49d1,2,Debit Card,2023/3/19,Paid,0033 Martinez Square,West Joshua,NW63 0VD,United Kingdom
39304,72598273,66.71,2023/2/16,87d32886-1585-4161-aea7-ea0a60621085,1,Apple Pay,2023/3/9,Refunded,5034 Johnson Islands,West Allison,NE92 1ZZ,United Kingdom
85526,13197102,140.29,2023/1/27,ac0a275c-f59d-4010-92f4-1582a299b94f,3,Apple Pay,2023/1/30,Paid,53025 Gary Estates,Villanuevamouth,DE66 6BR,United Kingdom
52431,55044363,107.58,2024/3/3,868a7c34-9722-4623-8b83-448c1b2b2c73,3,Debit Card,2024/3/23,Paid,803 Raymond Plains,New Michael,EH47 5JF,United Kingdom
82012,68151628,76.58,2023/7/18,b7b80a5f-1ae3-4065-ba98-7cedb8ec23c1,2,Google Pay,2023/7/19,Paid,6430 Brenda Ridges,Tonyside,BT92 5JS,United Kingdom
67870,35262257,104.04,2023/3/20,224dba7d-a4fb-4c23-a79c-e909e053237f,3,Credit Card,2023/3/21,Pending,4610 Wilcox Greens,Berryfurt,SE5 6RI,United Kingdom
55410,76734354,83.28,2023/5/26,703093ee-2718-4711-8839-0b4849717209,3,Debit Card,2023/6/4,Paid,89682 Denise Rapids,Wileybury,YO49 9ZG,United Kingdom
33630,85382288,179.19,2023/5/1,fd59baac-faa9-4c11-9cfd-02c28f3a9b30,2,Debit Card,2023/5/13,Paid,7011 Thompson Ranch,Hammondstad,NW1 2LA,United Kingdom
23467,49103902,143.01,2024/8/17,bd02b8d1-8aaf-4314-bd32-26ac01407580,3,PayPal,2024/9/14,Pending,84399 Parrish Harbor,Ashleyfurt,NW53 5DM,United Kingdom
67915,24502155,67.93,2024/9/4,da8d649b-09ce-42e3-91e5-de93362aeb57,1,Credit Card,2024/9/16,Paid,294 Donna Drive,South Donnamouth,BT31 4VC,United Kingdom
22146,88957004,96.29,2024/9/23,000f95f4-f27a-47db-9a6c-1594eba75584,1,Credit Card,2024/9/27,Paid,4414 Brandon Lock,North Brandy,NE56 6WP,United Kingdom
55987,99108206,157.16,2024/1/13,15b7652e-433e-4830-9959-4d235c95dd56,3,Debit Card,2024/1/24,Paid,02096 Clayton Crossroad,South Christopher,SW41 3AN,United Kingdom
26362,43255144,85.44,2024/4/28,00f37f62-5f10-4a51-979e-e6c3bbb7cc60,3,Google Pay,2024/5/5,Pending,9350 Andrew Inlet,Jonesland,YO42 4JJ,United Kingdom
46309,73986728,144.98,2023/12/20,732a62dd-8c6e-4176-ab31-7352b9f8a215,3,Credit Card,2024/1/12,Paid,397 Holland Mission,East Matthew,DE94 4NC,United Kingdom
56881,11811414,44.16,2023/11/26,a72e7614-e6e2-422e-8204-9541d7f166c1,3,Apple Pay,2023/12/7,Paid,73535 Gross Loaf,Marshallhaven,CF43 1LO,United Kingdom
89581,61458434,159.17,2024/12/28,f2b23bf2-1c83-4fea-afa8-1284a65a497d,2,Google Pay,2025/1/2,Paid,1938 Thomas Wall,West Susan,M56 1BO,United Kingdom
91573,71697358,35.1,2024/6/3,4804d88a-b288-43c9-afc8-0a41a36e7321,2,Apple Pay,2024/6/10,Paid,997 Susan Landing,East Danielport,SE35 0MV,United Kingdom
76327,57241366,169.12,2024/12/2,a46bbfb7-79bc-482d-a5c4-a8913f8ad002,3,Credit Card,2024/12/26,Paid,046 Nicholas Court,Lake Holly,M86 5LT,United Kingdom
82252,62744538,71.0,2023/3/11,8ed112ec-0964-4545-9784-d6737834716a,2,PayPal,2023/3/24,Paid,39164 Delgado Cliff,New Tiffanymouth,AB27 3BB,United Kingdom
67872,98160198,53.34,2023/8/20,2bbcf81c-8478-4de5-8fe4-990058cd9435,2,PayPal,2023/8/23,Refunded,1869 Stark Squares,Anthonyport,M31 9HF,United Kingdom
96821,37373524,43.86,2023/7/8,33a74a72-068b-4370-9dd1-aabd8cf3db99,3,Google Pay,2023/7/21,Paid,54525 Kevin Oval,Port William,L72 1WF,United Kingdom
47049,84232813,46.95,2024/12/9,3f58c676-a1ec-4f2d-9041-0a66d840c233,3,Google Pay,2025/1/4,Paid,921 Tate Village,New Clifford,NE72 3ED,United Kingdom
10067,54346922,50.53,2023/2/28,6c0bf99c-14a1-4a01-80ef-174f8710660b,2,Credit Card,2023/3/2,Paid,94541 Oneill Loop,Huertatown,EH62 6JN,United Kingdom
11548,77077686,164.89,2024/3/19,10290f67-8d8b-4f18-b111-c716eadff76f,3,Debit Card,2024/4/3,Paid,2588 Brittany Roads,Combsshire,SE20 8AE,United Kingdom
33067,28708991,100.55,2024/8/2,74c74519-74de-4e38-afd3-283408ae68eb,1,Apple Pay,2024/8/17,Refunded,7280 Mann Lodge,Lake Matthew,SE37 7NW,United Kingdom
64421,95859407,107.98,2024/2/13,1c7d401c-690d-4796-8ae2-913ad74b5e7e,3,Credit Card,2024/2/25,Paid,45628 Amanda Haven,Jordanside,SE90 1OH,United Kingdom
73306,42500518,89.34,2023/12/25,b740c020-32d0-427a-8a28-686dc554ec70,3,Apple Pay,2024/1/19,Paid,397 Holland Mission,East Matthew,DE94 4NC,United Kingdom
11462,58525156,97.05,2024/4/2,b4a27667-00ab-4b9e-a36d-343e25ff49f0,2,PayPal,2024/4/29,Paid,816 Miguel Flat,Port Kathrynburgh,YO63 0BC,United Kingdom
82501,23139887,26.47,2023/10/28,dfa6a73f-bd11-4524-86c7-5c1f9f4633c5,3,Apple Pay,2023/11/9,Paid,37878 Williamson Light,Rhodesburgh,YO68 7ST,United Kingdom
90643,40694003,44.37,2023/3/20,c01bac97-75e6-4994-a98a-2c6ea263dbdc,3,Debit Card,2023/4/12,Paid,07836 Johnson Radial,Bradfordside,CF91 4MW,United Kingdom
24145,56493803,54.37,2024/1/1,fed3df28-bfe6-48e4-9702-26cc05d4180c,3,PayPal,2024/1/5,Paid,35549 Cameron Harbor,South Claire,EH57 5WL,United Kingdom
28472,61906789,113.34,2023/7/29,79c3aca1-b17e-4a34-9137-b533081066db,2,Google Pay,2023/8/4,Paid,69571 Melissa Club,Kellyside,EH51 2MA,United Kingdom
66473,97972421,123.79,2023/7/8,d14446ec-814b-4126-8821-feca25142e11,2,Apple Pay,2023/7/25,Pending,9932 Bush Branch,Rickyborough,M4 1KX,United Kingdom
90995,14494264,82.52,2024/1/17,4e5250bb-9019-4ad0-94b6-235696b3092c,2,PayPal,2024/2/8,Pending,7253 Kristin Viaduct,West Jason,G67 5BS,United Kingdom
79879,47594756,85.68,2024/6/23,71238930-dd8e-48e2-9995-75b81b3c565c,3,PayPal,2024/7/12,Paid,9826 Martin Harbor,Karamouth,CF86 6EV,United Kingdom
37020,45245165,96.69,2024/2/3,a81ad5ea-61f4-4c64-86f4-2db700acbfac,1,Debit Card,2024/2/9,Paid,9398 Russell Forges,Lake Bradleychester,EH2 0WB,United Kingdom
15910,21842517,45.67,2023/5/28,bc22692f-1128-4394-b4f1-7eaa82555942,3,PayPal,2023/6/2,Paid,5044 Pamela Pike,Mirandaport,NE29 3LC,United Kingdom
60956,13819928,86.39,2024/4/24,96ab1cd6-f7d1-4a27-8daa-e9a7881e3948,1,PayPal,2024/4/30,Paid,046 Nicholas Court,Lake Holly,M86 5LT,United Kingdom
92524,82565323,118.25,2023/7/17,2227407e-a189-4cb5-b974-570e55637032,1,PayPal,2023/7/22,Pending,84399 Parrish Harbor,Ashleyfurt,NW53 5DM,United Kingdom
17685,14186613,143.66,2023/9/1,4dcf2c4f-94ae-466d-b78d-64d49e55e284,1,PayPal,2023/9/19,Paid,35375 Brittany Mountain,New Peter,NW60 8IV,United Kingdom
72327,93276717,176.19,2023/5/22,152b679a-99ad-4ca7-aae9-5f814e625e0e,1,Debit Card,2023/5/24,Pending,35375 Brittany Mountain,New Peter,NW60 8IV,United Kingdom
40146,74686753,58.83,2024/12/8,576c451f-78d8-410a-9559-ca808697b75d,1,Credit Card,2025/1/6,Refunded,35375 Brittany Mountain,New Peter,NW60 8IV,United Kingdom
48312,41335045,127.36,2024/5/17,4eadb961-0534-45b8-bd9b-0fda80ff9a4d,1,Apple Pay,2024/5/22,Pending,35375 Brittany Mountain,New Peter,NW60 8IV,United Kingdom
16669,53085913,51.48,2024/9/4,1817d716-2c0a-4ba0-b29b-5a89eb7f7c6c,2,Google Pay,2024/9/12,Paid,280 Smith Grove,Mistyburgh,L74 0MI,United Kingdom
37557,41414665,42.77,2024/6/20,2ef77efb-250d-47c6-ab08-c0a94615d4c0,2,Google Pay,2024/6/28,Paid,280 Smith Grove,Mistyburgh,L74 0MI,United Kingdom
36226,87626256,165.49,2023/1/26,de1ed1e6-c0fe-424d-8916-fbc12f81b914,1,Debit Card,2023/2/23,Refunded,280 Smith Grove,Mistyburgh,L74 0MI,United Kingdom
57754,77692643,190.87,2024/1/12,b2859f5a-6865-4d9e-af50-dce27b315ac0,2,PayPal,2024/1/23,Refunded,5951 Hunt Overpass,Lake Amyside,WC48 0ZA,United Kingdom
50699,31336298,150.12,2024/12/3,b59650c6-2b6c-4a29-8656-57b24a243885,2,Apple Pay,2024/12/14,Refunded,5951 Hunt Overpass,Lake Amyside,WC48 0ZA,United Kingdom
31850,31835391,96.05,2023/6/12,82dbd39a-bc8e-4f69-8500-fe52d37fb738,1,Debit Card,2023/7/1,Pending,4618 Kathleen Via,North Tamara,DE28 9PM,United Kingdom
89315,85988141,105.59,2024/7/3,514f3e72-16a8-4a0b-b10f-6b979654602e,2,Credit Card,2024/7/27,Paid,4618 Kathleen Via,North Tamara,DE28 9PM,United Kingdom
92670,14105737,164.34,2023/11/8,a4b67395-3aad-4fbc-b566-f65706548553,3,Debit Card,2023/11/11,Pending,77698 Laura Parks,Lake Adammouth,CF73 2JM,United Kingdom
72779,87681357,184.84,2024/4/23,72edb5c9-d56a-4487-a621-d8069ab33073,3,Apple Pay,2024/5/15,Paid,77698 Laura Parks,Lake Adammouth,CF73 2JM,United Kingdom
25558,33227712,60.09,2023/9/2,e751e9dd-46a1-496c-9645-5de1505cbe8d,3,Debit Card,2023/9/6,Paid,77698 Laura Parks,Lake Adammouth,CF73 2JM,United Kingdom
90804,81212304,117.06,2024/10/17,435f6c42-37c1-4998-895f-ff19c67f6179,3,Credit Card,2024/10/24,Paid,6430 Brenda Ridges,Tonyside,BT92 5JS,United Kingdom
83876,26471235,176.67,2023/10/31,ac0a1cbb-9acf-44da-a748-ca9852bc47bc,3,Debit Card,2023/11/18,Paid,6430 Brenda Ridges,Tonyside,BT92 5JS,United Kingdom
79979,29139301,148.25,2024/1/14,b1b3d051-ed06-43ec-8572-6cb26bed7a76,3,Debit Card,2024/1/24,Paid,6430 Brenda Ridges,Tonyside,BT92 5JS,United Kingdom
64936,40260677,138.76,2023/10/3,7906be54-8fa2-4331-97d0-e43da4e00a30,3,Debit Card,2023/11/2,Paid,926 Lane Path,Port Donna,SW17 9KL,United Kingdom
92424,51567326,153.19,2024/6/16,4b305ab4-89ea-41bb-ab58-2bcac677ea26,1,Credit Card,2024/6/29,Refunded,926 Lane Path,Port Donna,SW17 9KL,United Kingdom
33737,34120514,75.98,2023/6/5,4754014a-2430-49fe-bced-27a022bec412,1,Credit Card,2023/6/11,Refunded,926 Lane Path,Port Donna,SW17 9KL,United Kingdom
94351,73147150,22.84,2023/8/11,7d4e7ae4-d8d3-41de-86a5-67e7a4fc4f02,3,Debit Card,2023/9/5,Paid,926 Lane Path,Port Donna,SW17 9KL,United Kingdom
97683,49087568,21.32,2024/7/29,921343d5-f7f8-4c3d-becb-4d75936d4957,2,Debit Card,2024/8/28,Paid,926 Lane Path,Port Donna,SW17 9KL,United Kingdom
76357,85012101,169.21,2024/6/15,e958f0d7-ff5b-45b3-8327-43a0302bd7fc,1,Google Pay,2024/6/23,Paid,514 Foley Heights,Hartton,W7 5FB,United Kingdom
29528,92936839,63.19,2024/4/13,4a87cd9f-0f4a-4dca-b26d-d9bc581dd31d,2,Debit Card,2024/5/4,Pending,514 Foley Heights,Hartton,W7 5FB,United Kingdom
93633,59463430,107.29,2023/6/17,70183ba7-f31a-4a9d-999a-f6a87288e899,3,PayPal,2023/6/21,Paid,3114 Nelson Brooks,South Jeffhaven,SW2 4PE,United Kingdom
88456,86714697,129.06,2023/12/11,04a2868e-c616-45f3-ad2b-4fb1bb46c567,2,PayPal,2024/1/4,Paid,3114 Nelson Brooks,South Jeffhaven,SW2 4PE,United Kingdom
71744,18136638,62.39,2023/8/29,968c36b4-01d7-4f23-a43e-2b9bc0387cdf,3,Credit Card,2023/9/27,Paid,33577 Anderson Mountain,East Kristen,W9 1CS,United Kingdom
85720,56139940,155.05,2024/1/14,264ecb51-cd16-4dd7-a873-6f999c4c1861,1,Google Pay,2024/2/12,Paid,33577 Anderson Mountain,East Kristen,W9 1CS,United Kingdom
38421,93442079,99.0,2023/12/27,6415a8bf-0b0b-4ebf-8a1b-5cc3497d3ad5,2,Debit Card,2024/1/3,Paid,33577 Anderson Mountain,East Kristen,W9 1CS,United Kingdom
71194,64593754,76.45,2023/12/22,348a5d4e-a982-4121-b877-7630a34191ed,2,Apple Pay,2023/12/27,Paid,33577 Anderson Mountain,East Kristen,W9 1CS,United Kingdom
75504,18045489,78.81,2023/7/23,a2707daf-3847-4905-92f3-26fc058aeb32,2,Debit Card,2023/8/13,Paid,6010 Miller Motorway,Kennethland,YO15 1TK,United Kingdom
89614,25564021,198.04,2023/11/29,07a99ce7-868a-4f1c-b485-9776e5664a18,2,Apple Pay,2023/12/7,Paid,6010 Miller Motorway,Kennethland,YO15 1TK,United Kingdom
14846,48612178,89.57,2023/12/21,7ec46842-6a61-432d-b395-eb0563b8a54a,2,Apple Pay,2023/12/25,Pending,6156 Stone Keys,New Charles,W35 5QA,United Kingdom
21012,10794708,114.52,2023/1/30,ebbb4930-1857-453c-ba43-71764eeedc64,1,PayPal,2023/2/7,Paid,6156 Stone Keys,New Charles,W35 5QA,United Kingdom
56451,24807114,30.51,2023/9/29,bb0c76bc-d566-4ee0-a674-ee33d49e0812,3,Debit Card,2023/10/1,Refunded,6156 Stone Keys,New Charles,W35 5QA,United Kingdom
54260,55795064,77.98,2023/2/20,46f49a90-2324-471a-bd1e-cbd299bed440,2,Google Pay,2023/3/1,Refunded,6156 Stone Keys,New Charles,W35 5QA,United Kingdom
94672,63041367,87.1,2023/11/14,270f3297-58cb-44d1-a09b-52c81eb47ebe,1,Credit Card,2023/12/6,Paid,6156 Stone Keys,New Charles,W35 5QA,United Kingdom
22470,91796690,37.73,2024/8/18,04f3daaa-e597-4b9e-adac-51c4dfe993ff,1,Credit Card,2024/9/7,Paid,94146 Alison Crest,Victorside,L40 0EK,United Kingdom
57075,10721411,57.81,2024/10/2,78496d68-d43d-44ae-9bd2-c19fd95335cb,3,PayPal,2024/10/9,Paid,94146 Alison Crest,Victorside,L40 0EK,United Kingdom
95993,84307993,193.15,2023/2/25,d065bf1c-7fb6-4f40-b342-f4a56e3f4f27,1,PayPal,2023/3/16,Pending,94146 Alison Crest,Victorside,L40 0EK,United Kingdom
84160,82308095,64.0,2023/12/18,8f76ab9c-f7c8-414d-9359-97b74a774c3b,1,PayPal,2024/1/17,Refunded,94146 Alison Crest,Victorside,L40 0EK,United Kingdom
38853,27414347,30.46,2023/3/15,b1c6894a-5636-41fc-9de4-e826a438e25c,1,Debit Card,2023/3/29,Refunded,45114 Hutchinson Course,Andrewview,CF3 2CO,United Kingdom
40979,82039295,109.4,2023/12/26,39e434fa-1861-43ba-b55a-10cedd0866cc,2,Debit Card,2024/1/1,Paid,45114 Hutchinson Course,Andrewview,CF3 2CO,United Kingdom
25581,95462947,96.32,2024/8/12,1539f543-b796-4c33-a60e-2aa41c3ce84a,1,PayPal,2024/8/22,Refunded,45114 Hutchinson Course,Andrewview,CF3 2CO,United Kingdom
15696,50171961,88.71,2024/9/10,2367cfc1-3ae5-4ce0-a787-5db7de74ed3a,1,Credit Card,2024/9/15,Paid,0617 Johnson Street,North Lisa,W94 1PE,United Kingdom
63960,48176951,107.23,2024/6/16,f0c948f2-fbc6-471a-b171-55f2798e33b5,1,Apple Pay,2024/6/30,Refunded,0617 Johnson Street,North Lisa,W94 1PE,United Kingdom
25638,84927959,53.15,2024/6/9,bd6ea887-a472-4b89-9bd2-15cec58e3de3,3,Credit Card,2024/7/7,Pending,698 Edwards Shoals,North Joseph,G8 0CP,United Kingdom
69017,51148645,89.4,2024/7/5,4a7bc5fd-ae79-410f-b33f-ce768065b4ac,2,Apple Pay,2024/7/27,Refunded,698 Edwards Shoals,North Joseph,G8 0CP,United Kingdom
44393,63793720,185.83,2024/6/26,16cecde3-6be4-477f-9605-9cfa7481d069,1,Apple Pay,2024/7/16,Paid,69571 Melissa Club,Kellyside,EH51 2MA,United Kingdom
60192,47964094,56.63,2023/11/9,6cde3542-3be3-458f-b932-4e3b1b257d8f,2,Google Pay,2023/12/4,Pending,69571 Melissa Club,Kellyside,EH51 2MA,United Kingdom
69307,22990717,38.35,2024/11/24,c24123dc-aaa7-469f-879f-7a6eafdae3f7,2,PayPal,2024/11/27,Refunded,2588 Brittany Roads,Combsshire,SE20 8AE,United Kingdom
28952,74278635,36.69,2023/4/23,f2f66ab9-07cb-4420-830f-1846105851c8,3,Debit Card,2023/4/29,Pending,2588 Brittany Roads,Combsshire,SE20 8AE,United Kingdom
80298,13352298,67.1,2024/8/13,f36aa495-fab4-4bc9-bdf4-ce37cfd03193,3,Google Pay,2024/9/8,Paid,2588 Brittany Roads,Combsshire,SE20 8AE,United Kingdom
57975,29572501,139.8,2024/2/28,a37aa3d2-b535-4578-bdc8-2cc87db9597c,2,Apple Pay,2024/3/27,Refunded,83799 Alicia Gateway,New Leahbury,AB90 8ZR,United Kingdom
46165,37649382,95.74,2023/11/28,d8c4e878-453e-43f3-ae7e-d82854b84a59,3,Google Pay,2023/12/18,Pending,83799 Alicia Gateway,New Leahbury,AB90 8ZR,United Kingdom
23455,28020158,48.5,2024/6/29,09ae7ea6-d782-4773-8c95-0fa54a4bb8a9,3,PayPal,2024/7/14,Paid,83799 Alicia Gateway,New Leahbury,AB90 8ZR,United Kingdom
33852,86639265,78.05,2024/11/16,1a097c35-9abf-4ec7-8f85-a5415cfbfefc,1,Apple Pay,2024/12/13,Refunded,36673 Michael Spring,North Curtis,CF91 6HT,United Kingdom
88151,61766655,38.47,2023/12/7,62c71d2d-7684-42cf-bb05-4d098e0af870,1,PayPal,2024/1/1,Paid,36673 Michael Spring,North Curtis,CF91 6HT,United Kingdom
71664,77956690,180.68,2024/9/8,14c88c2f-1997-46dd-818e-cdd89f4c40c3,2,PayPal,2024/9/9,Pending,36673 Michael Spring,North Curtis,CF91 6HT,United Kingdom
24748,79413860,117.68,2023/8/30,5be94d9e-9200-4d90-91d8-218f8052e131,1,PayPal,2023/9/11,Refunded,36673 Michael Spring,North Curtis,CF91 6HT,United Kingdom
45587,97687280,88.73,2024/6/22,33c1cf01-8874-4ec2-807b-e9c51a795028,2,Credit Card,2024/7/9,Paid,3110 Johnson Falls,Port Joel,BT49 0VX,United Kingdom
57913,68489058,84.52,2024/2/7,c5fc870f-3cd8-4754-afbb-718d4c1b89ca,3,Google Pay,2024/2/20,Paid,3110 Johnson Falls,Port Joel,BT49 0VX,United Kingdom
33977,34239214,155.17,2024/9/27,bf142c16-d09b-45e3-91a2-511e4c1f329b,3,Debit Card,2024/10/11,Refunded,3110 Johnson Falls,Port Joel,BT49 0VX,United Kingdom
18398,73137304,101.82,2023/5/6,42f80ae4-1f19-4fdc-8e1e-9e3ef71345f4,3,Debit Card,2023/5/16,Paid,3110 Johnson Falls,Port Joel,BT49 0VX,United Kingdom
79075,55938680,142.5,2024/10/9,01dc2046-3fd3-4b97-bba9-c88143d43c5c,1,Credit Card,2024/10/23,Pending,407 Kevin Inlet,Boydhaven,SW63 8BG,United Kingdom
14168,59551529,58.22,2023/2/15,9cf23951-bc3f-4414-b4d7-a3239892c7e8,2,Credit Card,2023/3/6,Paid,407 Kevin Inlet,Boydhaven,SW63 8BG,United Kingdom
97638,35921977,179.57,2023/5/30,b9645d80-fee1-4377-bbda-f8b1e0394c48,1,Apple Pay,2023/6/7,Refunded,0552 Murray Run,Port Krystal,BT62 1VU,United Kingdom
96590,74693195,109.89,2023/7/27,12c0d3b0-6724-4dec-a604-a96e2dd725cb,3,Credit Card,2023/8/6,Paid,0552 Murray Run,Port Krystal,BT62 1VU,United Kingdom
58027,51440693,74.35,2024/2/20,efc340e6-bb96-4a41-9dfb-e226f87978aa,1,Credit Card,2024/2/27,Paid,076 Ramirez Vista,Gilbertfurt,G3 8CZ,United Kingdom
11060,71868789,178.89,2024/9/5,dfd1408f-02e4-47f3-a3e0-bb3d96e3f141,2,Debit Card,2024/9/10,Paid,076 Ramirez Vista,Gilbertfurt,G3 8CZ,United Kingdom
93198,15516768,137.53,2023/3/5,1c1244d5-48c0-4dd0-9afd-0119c33b01b0,2,Credit Card,2023/3/30,Pending,076 Ramirez Vista,Gilbertfurt,G3 8CZ,United Kingdom
46025,69332105,102.07,2023/7/17,d8722fa1-2622-4144-b128-a4ebac806b28,2,Debit Card,2023/8/8,Paid,076 Ramirez Vista,Gilbertfurt,G3 8CZ,United Kingdom
39799,58616425,41.24,2024/8/16,404cac90-37c7-4ed9-a3f4-a1eda03a8bf2,1,Debit Card,2024/9/14,Refunded,73535 Gross Loaf,Marshallhaven,CF43 1LO,United Kingdom
54370,25280760,40.77,2023/3/1,c281ed9d-c9e1-4abd-a0da-9913c9f8e23f,2,Apple Pay,2023/3/13,Paid,73535 Gross Loaf,Marshallhaven,CF43 1LO,United Kingdom
35383,50672783,64.91,2025/1/12,5b8d7cd7-1302-4711-b22d-a18148a9ac76,3,Credit Card,2025/1/16,Pending,73535 Gross Loaf,Marshallhaven,CF43 1LO,United Kingdom
44175,76358894,146.73,2023/4/1,8855f83e-48c1-45f4-b535-dae784d91d65,2,Debit Card,2023/4/11,Paid,73535 Gross Loaf,Marshallhaven,CF43 1LO,United Kingdom
60260,33281999,139.87,2024/7/7,fda5c96e-7899-4236-8918-994ac31a3a58,2,Credit Card,2024/7/22,Refunded,0567 Romero Estate,Martinezburgh,WC86 3TC,United Kingdom
47010,75325274,80.21,2023/11/7,1e814e83-713a-45b0-a5db-e986a85614b0,2,Debit Card,2023/11/11,Paid,0567 Romero Estate,Martinezburgh,WC86 3TC,United Kingdom
17046,75062001,157.0,2023/11/7,d971669a-d9a3-4c82-bfc1-21edcccb802b,1,Credit Card,2023/12/4,Pending,92098 Robert Via,East Melissashire,M15 9YZ,United Kingdom
51965,48959517,117.08,2023/5/1,4cc78387-4afb-4098-86f0-776bf8851882,2,PayPal,2023/5/21,Refunded,92098 Robert Via,East Melissashire,M15 9YZ,United Kingdom
95528,68265217,77.15,2023/1/30,ba610f58-cd7e-47c9-8188-1cc1f69e45d7,3,PayPal,2023/2/25,Paid,92098 Robert Via,East Melissashire,M15 9YZ,United Kingdom
37145,59100791,119.73,2023/4/5,78f7197d-5413-4951-bfe9-2f70154ecc4e,2,Debit Card,2023/4/18,Pending,39164 Delgado Cliff,New Tiffanymouth,AB27 3BB,United Kingdom
46740,85673014,88.57,2024/12/15,9b99d7e4-1cd4-47e1-a776-390150597b1d,2,PayPal,2024/12/16,Pending,39164 Delgado Cliff,New Tiffanymouth,AB27 3BB,United Kingdom
57413,24066477,46.27,2023/9/4,3b48aeca-d64c-46ef-b66d-27786966fbb9,3,Debit Card,2023/9/5,Paid,39164 Delgado Cliff,New Tiffanymouth,AB27 3BB,United Kingdom
32805,46539482,52.5,2023/9/5,a4bf8a2e-6142-483a-a53b-da183ca225c1,1,Google Pay,2023/9/12,Paid,39164 Delgado Cliff,New Tiffanymouth,AB27 3BB,United Kingdom
96413,84949527,102.93,2023/8/5,6058769a-9a49-48f5-aa9b-e5beae93dd00,3,Google Pay,2023/8/9,Refunded,39164 Delgado Cliff,New Tiffanymouth,AB27 3BB,United Kingdom
76052,51727485,191.93,2023/8/7,551c97ce-f36c-4fe5-aa0f-33a4bd4d5c92,3,Debit Card,2023/8/16,Paid,16918 Rice Shoals,Port Samuel,G71 6NL,United Kingdom
92874,27864705,38.36,2023/10/14,a15d90a4-a760-4339-8a67-7f6501e40291,1,PayPal,2023/11/11,Refunded,16918 Rice Shoals,Port Samuel,G71 6NL,United Kingdom
27887,30899781,32.15,2024/8/14,c2f48d10-a623-451a-a831-c0621e482e5b,1,Debit Card,2024/8/20,Paid,16918 Rice Shoals,Port Samuel,G71 6NL,United Kingdom
56790,57418770,21.41,2024/7/14,e156d214-91b9-4e64-910d-2564ab6af0e7,2,Debit Card,2024/8/8,Refunded,16918 Rice Shoals,Port Samuel,G71 6NL,United Kingdom
77926,15771491,108.57,2023/8/8,20a0a517-6dbd-4012-a714-25162b01cf05,3,Google Pay,2023/8/11,Paid,8317 Tamara Hill,West Robertborough,L88 3UO,United Kingdom
80017,94988823,184.36,2024/9/5,6ac0b713-9ae3-42c3-8d3b-f6b231d7fc48,1,Google Pay,2024/9/11,Paid,8317 Tamara Hill,West Robertborough,L88 3UO,United Kingdom
55755,83304375,178.3,2023/12/28,1a295988-1f75-44d9-93b8-cead016a478a,3,Credit Card,2024/1/2,Refunded,8317 Tamara Hill,West Robertborough,L88 3UO,United Kingdom
54024,32183147,133.4,2024/7/8,8d939ba3-9eb1-4323-a446-caed884384ca,1,Credit Card,2024/7/17,Pending,8317 Tamara Hill,West Robertborough,L88 3UO,United Kingdom
54535,61912125,62.72,2023/4/21,a3a177e0-8a9d-4a11-9121-cb789f97b571,1,PayPal,2023/5/11,Pending,04444 Tyler Parks,Davidfurt,BT22 1LD,United Kingdom
63906,31722870,29.17,2024/11/6,81e7eb1c-8326-4124-b02d-60609310711e,2,Debit Card,2024/11/16,Refunded,04444 Tyler Parks,Davidfurt,BT22 1LD,United Kingdom
76845,29417768,113.5,2023/9/13,9738e83b-98df-4d14-a5ec-1f03ad6dbd71,1,Apple Pay,2023/9/20,Paid,04444 Tyler Parks,Davidfurt,BT22 1LD,United Kingdom
82901,27875361,114.66,2024/3/28,6cd43ae1-669f-47c3-b632-aab897a49374,2,Credit Card,2024/4/6,Paid,604 Miller Spurs,West Adam,YO64 6DI,United Kingdom
95697,61729843,93.17,2024/4/10,3c0f3c72-a48d-484c-9a05-4b00791270eb,1,Apple Pay,2024/5/1,Paid,604 Miller Spurs,West Adam,YO64 6DI,United Kingdom
60905,70018214,134.35,2024/11/18,7098d7d7-517f-46e1-8284-991ead5bad2e,1,Debit Card,2024/12/7,Paid,604 Miller Spurs,West Adam,YO64 6DI,United Kingdom
59774,64946816,54.32,2024/7/17,a461adc4-0603-4be5-a3aa-8e77a893c0ba,1,Google Pay,2024/7/22,Paid,604 Miller Spurs,West Adam,YO64 6DI,United Kingdom
56099,48802146,44.14,2023/3/3,24aa53c4-871f-4244-a8ce-a6544d6a25b5,3,PayPal,2023/3/4,Paid,148 Rachel Loop,Forbesside,BT38 7GZ,United Kingdom
56269,11178530,117.9,2024/1/9,d36eccf3-dd47-44fb-8c53-ea8003fef6ac,2,PayPal,2024/2/3,Paid,148 Rachel Loop,Forbesside,BT38 7GZ,United Kingdom
97095,99044381,29.25,2023/10/14,2e434ce3-b7c7-4470-8fb8-f761fb4a827a,2,Debit Card,2023/10/22,Paid,148 Rachel Loop,Forbesside,BT38 7GZ,United Kingdom
60044,92517064,82.25,2024/8/1,517a4fb5-c8b2-4e1e-82c4-3456be80c567,2,Debit Card,2024/8/27,Pending,76111 Trevor Place,Austinmouth,G40 7NQ,United Kingdom
72348,54406960,105.32,2023/1/25,233e37fc-fe4f-4ef2-80e8-d86aaae03fb2,1,Credit Card,2023/2/2,Paid,76111 Trevor Place,Austinmouth,G40 7NQ,United Kingdom
35102,34298298,77.4,2024/7/16,b38d7e3d-028e-4a12-b8b6-630e089ef2f2,2,Credit Card,2024/7/22,Paid,76111 Trevor Place,Austinmouth,G40 7NQ,United Kingdom
50260,32862970,117.06,2024/6/6,ef56a775-825e-46bf-9ce4-1efc6f7a418e,1,PayPal,2024/6/22,Refunded,7935 Thompson Hill,Thomasfurt,W49 7VY,United Kingdom
53779,83933604,150.43,2023/7/10,03b384b2-6fd8-4712-bd5d-2c03aaf771cb,1,Google Pay,2023/7/25,Paid,7935 Thompson Hill,Thomasfurt,W49 7VY,United Kingdom
71842,21342860,59.25,2024/7/9,9a3227a6-3e09-4c68-ae46-9678fa1e0c22,3,Debit Card,2024/7/23,Paid,7935 Thompson Hill,Thomasfurt,W49 7VY,United Kingdom
62251,73558739,27.52,2023/12/14,e16e2a41-eda3-47ff-98da-d67609ff10ba,1,Debit Card,2023/12/19,Pending,3108 Meyer Island,Walshshire,WC98 9JJ,United Kingdom
60755,85767640,28.97,2024/5/30,60e6866b-47d1-4de1-a162-3382fc435d64,3,PayPal,2024/6/11,Paid,3108 Meyer Island,Walshshire,WC98 9JJ,United Kingdom
26155,96421017,76.86,2023/9/12,89422963-f7ec-4c26-a7fb-70f82076941d,3,Credit Card,2023/9/13,Paid,3108 Meyer Island,Walshshire,WC98 9JJ,United Kingdom
50366,70088771,111.04,2023/5/16,49bf2ae2-9f06-406c-ac08-08b660221f8c,2,Debit Card,2023/5/22,Paid,4411 Scott Shoal,Hectortown,WC84 9TO,United Kingdom
93610,37685889,107.16,2023/9/2,a4cd7faf-94f3-478c-bd64-dd83cc8eec8e,3,Google Pay,2023/9/23,Pending,4411 Scott Shoal,Hectortown,WC84 9TO,United Kingdom
40691,44079890,183.47,2024/6/5,1d6dd347-4d6f-45e4-bad3-a20e17999e72,3,Apple Pay,2024/6/24,Refunded,060 Krystal Rapid,Jasonton,G9 8CS,United Kingdom
72579,83873037,26.06,2025/1/14,ed2ec07c-9bd2-4658-8796-0c22ce487a05,2,PayPal,2025/2/1,Pending,060 Krystal Rapid,Jasonton,G9 8CS,United Kingdom
57594,60918523,157.6,2023/12/20,3a859563-29fd-4f4c-8bae-38b5fc001b4c,3,Apple Pay,2023/12/31,Pending,060 Krystal Rapid,Jasonton,G9 8CS,United Kingdom
17562,16456774,66.84,2024/2/4,a25399bc-bbd3-40bd-b93a-ac2c9b30c4be,3,Google Pay,2024/2/10,Paid,72664 Cherry Locks,Stewartberg,WC61 4LI,United Kingdom
87899,21536757,174.09,2023/5/28,1eb733c8-db49-43e7-8c2a-19b426852988,2,Credit Card,2023/6/6,Paid,72664 Cherry Locks,Stewartberg,WC61 4LI,United Kingdom
40575,30606297,67.84,2024/12/1,4e43900d-6652-4885-a568-7075f246331e,3,Debit Card,2024/12/9,Paid,72664 Cherry Locks,Stewartberg,WC61 4LI,United Kingdom
92933,45214732,171.91,2023/5/11,eef6fa4d-2024-47a0-9d88-7866273a0b09,1,Credit Card,2023/5/17,Paid,397 Holland Mission,East Matthew,DE94 4NC,United Kingdom
90691,44438288,73.7,2024/10/31,468ce08f-cf85-4d7b-8fc7-8f241dc705d9,3,Credit Card,2024/11/25,Paid,397 Holland Mission,East Matthew,DE94 4NC,United Kingdom
80026,89244187,71.07,2024/11/5,fa9d71e6-7e2e-4323-98ad-a506c01afe2b,3,Apple Pay,2024/11/21,Paid,397 Holland Mission,East Matthew,DE94 4NC,United Kingdom
51744,84370495,114.5,2024/1/18,08f50a61-8338-49b3-853c-c8f756c897aa,3,PayPal,2024/1/25,Refunded,397 Holland Mission,East Matthew,DE94 4NC,United Kingdom
21076,83957118,97.19,2023/3/31,886390cf-c1c6-44ef-901c-1dbcf0d0b59c,3,Debit Card,2023/4/16,Paid,397 Holland Mission,East Matthew,DE94 4NC,United Kingdom
55544,71067779,158.26,2023/2/6,c56bced2-228b-4ac5-99a7-fd6b48c78148,1,Credit Card,2023/2/22,Paid,89682 Denise Rapids,Wileybury,YO49 9ZG,United Kingdom
90164,47802847,30.25,2023/12/14,9aa4bf58-e5d8-4d9c-b8d9-b07dab9a7507,1,Apple Pay,2024/1/3,Refunded,89682 Denise Rapids,Wileybury,YO49 9ZG,United Kingdom
40654,86120288,84.18,2024/3/26,31705fa6-bdf6-4368-b6fd-9985e014bd17,3,Google Pay,2024/4/4,Paid,89682 Denise Rapids,Wileybury,YO49 9ZG,United Kingdom
