product_id,product_name,product_category,price,cost,brand
500187021651.00,Gleam Vivid Blush Eyeshadow,Eyeshadow,23.29,14.26,Golden Touch
500365122908.00,Velvet Vivid Mascara,Mascara,45.78,25.37,PureSkin
500188754895.00,Gleam Bold Blush Mascara,Mascara,32.98,21.85,Beauty Bloom
500894679468.00,Bold Vivid Concealer,Concealer,44.84,24.7,Majestic Glow
500711032305.00,Silk Velvet Blush Concealer,Concealer,14.68,9.29,PureSkin
500421559887.00,Vivid Matte Eyeshadow Highlighter,Highlighter,57.36,33.42,Beauty Bloom
500601872659.00,Bold Vivid Blush Highlighter,Highlighter,42.45,24.18,Velvet Radiance
500490482965.00,Pure Charm Mascara Lipstick,Lipstick,48.57,28.53,Luxe Bloom
500747873536.00,Gleam Velvet Eyeshadow,Eyeshadow,60.64,33.26,Sparkle & Shine
500128197519.00,Charm Gleam Lipstick Eyeliner,Eyeliner,6.69,3.85,PureSkin
500976042342.00,Fierce Gleam Eyeshadow,Eyeshadow,33.44,18.64,Angelique
500802436311.00,Gleam Fierce Concealer Eyeliner,Eyeliner,39.08,22.33,Velvet Radiance
500436166509.00,Gleam Pure Lipstick Eyeliner,Eyeliner,25.35,13.12,Crystal Care
500107170439.00,Luxe Vivid Eyeshadow Highlighter,Highlighter,39.58,27.05,Gleam & Glow
500450818152.00,Luxe Charm Lipstick Eyeliner,Eyeliner,57.44,36.17,SkinEssence
500713706410.00,Vivid Shimmer Concealer,Concealer,52.63,31.75,Elite Touch
500772815785.00,Fierce Velvet Blush Eyeshadow,Eyeshadow,33.01,17.54,SkinEssence
500491364298.00,Radiance Shimmer Mascara Foundation,Foundation,50,27.64,Luxe Bloom
500291251645.00,Glow Fierce Mascara Eyeliner,Eyeliner,54.27,38.55,Radiant Charm
500149873640.00,Glow Velvet Blush Lipstick,Lipstick,49.82,26.49,GlamGlow
500332141772.00,Velvet Radiance Mascara Eyeshadow,Eyeshadow,51.34,27.09,Glow Essence
500668014185.00,Radiance Fierce Concealer Blush,Blush,62.81,37.57,Opal Beauty
500663686854.00,Bold Luxe Lipstick Eyeshadow,Eyeshadow,21.67,14.41,Sparkle & Shine
500793902696.00,Matte Fierce Concealer Highlighter,Highlighter,16.16,8.28,Luxe Bloom
500649384853.00,Luxe Charm Mascara Lipstick,Lipstick,62.58,41.26,Amber Glow
500288653016.00,Radiance Shimmer Concealer Lipstick,Lipstick,12.58,7.96,Natural Glow
500342569904.00,Vivid Fierce Blush Highlighter,Highlighter,29.24,14.74,Pure Radiance
500791296667.00,Velvet Shimmer Blush Highlighter,Highlighter,7.21,4.73,Divine Essence
500458539582.00,Luxe Silk Eyeshadow Foundation,Foundation,58.11,35.81,Elite Skin
500362006475.00,Luxe Fierce Eyeshadow Eyeliner,Eyeliner,48.96,25.91,Golden Touch
500828440798.00,Silk Matte Blush Mascara,Mascara,51.54,30.2,Luxe Beauty
500180252686.00,Velvet Silk Concealer Blush,Blush,54.41,33.26,Heavenly Glow
500538121451.00,Fierce Silk Mascara Highlighter,Highlighter,46.43,30.94,Silken Secrets
500759293377.00,Silk Gleam Concealer Mascara,Mascara,65.28,41.08,Sparkle & Shine
500360052066.00,Silk Matte Lipstick Blush,Blush,51.32,33.73,Sparkle & Shine
500218152217.00,Vivid Silk Concealer Mascara,Mascara,34.03,19.02,Angelique
500804515401.00,Glow Bold Mascara Blush,Blush,41.33,21.82,Heavenly Glow
500981941755.00,Charm Pure Mascara Blush,Blush,23.36,15.16,Radiant Charm
500655381579.00,Charm Luxe Blush Concealer,Concealer,13.7,7.36,Radiant Charm
500520933938.00,Luxe Silk Concealer Mascara,Mascara,35.96,18.25,Glow Essence
500947510102.00,Luxe Glow Lipstick Blush,Blush,50.27,32.21,PureSkin
500574750164.00,Luxe Gleam Blush Skincare,Skincare,65.55,35.63,Radiant Charm
500956897405.00,Shimmer Radiance Eyeshadow Blush,Blush,34.22,22.15,Gleam & Glow
500981820968.00,Silk Shimmer Eyeshadow Lipstick,Lipstick,36.5,21.19,Flawless Glow
500138841366.00,Luxe Fierce Concealer Eyeliner,Eyeliner,23.87,13.25,Heavenly Glow
500905236392.00,Luxe Glow Mascara Blush,Blush,36.54,19.49,Luxe Bloom
500315534061.00,Vivid Fierce Mascara Blush,Blush,14.17,8.82,Beauty Bloom
500769700075.00,Fierce Radiance Eyeshadow,Eyeshadow,66.55,35.66,Beauty Bloom
500178829344.00,Gleam Silk Lipstick Bronzer,Bronzer,35.29,19.97,Crystal Care
500431646995.00,Pure Fierce Mascara Bronzer,Bronzer,62.05,34.2,Radiant Charm
500156918620.00,Radiance Luxe Eyeshadow Concealer,Concealer,62.26,33.59,Blissful Touch
500708635855.00,Velvet Vivid Eyeshadow Eyeliner,Eyeliner,33.67,18.47,Opal Beauty
500114860162.00,Pure Matte Mascara Concealer,Concealer,28.38,16.1,Elite Touch
500298684872.00,Fierce Gleam Blush Concealer,Concealer,13.59,7.08,Flawless Glow
500831264377.00,Vivid Radiance Concealer Lipstick,Lipstick,63.7,39.09,Radiant Charm
500937441172.00,Luxe Shimmer Eyeshadow Bronzer,Bronzer,28.51,19.9,Glow Essence
500208156628.00,Vivid Gleam Mascara,Mascara,7.98,4.91,Divine Essence
500653215070.00,Fierce Luxe Blush Foundation,Foundation,16.27,8.35,Pure Radiance
500337343588.00,Velvet Pure Concealer Highlighter,Highlighter,32.51,17.04,Elite Touch
500944755817.00,Vivid Shimmer Mascara Highlighter,Highlighter,60.58,31.15,Sparkle & Shine
500225676843.00,Gleam Matte Lipstick Eyeshadow,Eyeshadow,46.88,30.79,Gleam & Glow
500277085440.00,Gleam Charm Lipstick Blush,Blush,44.61,26.02,Sparkle & Shine
500776374904.00,Shimmer Pure Blush Bronzer,Bronzer,52.49,32.47,Golden Touch
500226770842.00,Vivid Glow Blush Eyeliner,Eyeliner,65.81,40.88,GlamGlow
500779276111.00,Silk Luxe Blush Lipstick,Lipstick,27.29,14.79,Beauty Haven
500246512012.00,Matte Charm Blush Foundation,Foundation,36.62,23.42,Beauty Haven
500877668368.00,Matte Radiance Lipstick Foundation,Foundation,19.02,11.47,Amber Glow
500935297502.00,Charm Vivid Blush Eyeshadow,Eyeshadow,54.61,27.73,SkinEssence
500874077583.00,Velvet Shimmer Eyeshadow Highlighter,Highlighter,31.27,19.64,Gleam & Glow
500806098490.00,Gleam Velvet Mascara Highlighter,Highlighter,45.43,24.23,Divine Essence
500357599847.00,Velvet Glow Eyeshadow Eyeliner,Eyeliner,45.75,30.39,SkinEssence
500864680606.00,Glow Luxe Eyeshadow Mascara,Mascara,10.87,7.09,Beauty Haven
500854261532.00,Silk Bold Blush Foundation,Foundation,48.5,28.85,Flawless Glow
500123768738.00,Shimmer Bold Concealer Blush,Blush,54.52,32.3,Majestic Glow
500117538267.00,Bold Glow Mascara Highlighter,Highlighter,57.13,30.91,Velvet Radiance
500831564097.00,Radiance Matte Eyeshadow Mascara,Mascara,63.77,42.3,Velvet Radiance
500722422252.00,Velvet Vivid Concealer Lipstick,Lipstick,20.1,11.91,Sparkle & Shine
500129286171.00,Velvet Radiance Lipstick Mascara,Mascara,51.15,31.43,Beauty Haven
500640496375.00,Pure Shimmer Lipstick Skincare,Skincare,22.45,13.85,Radiant Cosmetics
500386698241.00,Velvet Luxe Lipstick Concealer,Concealer,41.3,25.27,Angelique
500370065732.00,Luxe Matte Lipstick Eyeshadow,Eyeshadow,36.38,20.35,Natural Glow
500412390439.00,Shimmer Glow Concealer Eyeshadow,Eyeshadow,20.57,10.65,Glow Essence
500414867435.00,Luxe Bold Blush Concealer,Concealer,29.74,16.95,Golden Touch
500748493964.00,Velvet Silk Lipstick Bronzer,Bronzer,26.22,14.18,Beauty Bloom
500998838540.00,Silk Fierce Blush,Blush,40.97,23.73,Radiant Cosmetics
500621562328.00,Silk Fierce Concealer Blush,Blush,16.9,9.58,Radiant Charm
500947522448.00,Glow Velvet Concealer Eyeshadow,Eyeshadow,48.65,28.92,Pure Radiance
500766517235.00,Glow Matte Blush Skincare,Skincare,40.14,21.26,GlamourPro
500253607953.00,Pure Radiance Lipstick Skincare,Skincare,50.61,28.22,Radiant Charm
500181600017.00,Shimmer Fierce Blush Foundation,Foundation,33.82,18.39,Gleam & Glow
500880419346.00,Pure Radiance Blush Eyeshadow,Eyeshadow,59.65,30.83,Opal Beauty
500338862515.00,Bold Fierce Eyeshadow Eyeliner,Eyeliner,61.09,39.54,Flawless Glow
500638294437.00,Vivid Velvet Lipstick Blush,Blush,10.31,6.79,Beauty Bloom
500573764176.00,Silk Bold Mascara Highlighter,Highlighter,17.9,9.09,Natural Glow
500498559970.00,Shimmer Fierce Lipstick Highlighter,Highlighter,61.06,38.51,Radiant Charm
500539800455.00,Velvet Matte Eyeshadow,Eyeshadow,61.45,35.74,PureSkin
500599892925.00,Radiance Bold Concealer Eyeliner,Eyeliner,58.08,36.1,Divine Essence
500239243755.00,Gleam Charm Eyeshadow Eyeliner,Eyeliner,19.02,10.21,Radiant Cosmetics
500672103325.00,Fierce Matte Concealer Eyeshadow,Eyeshadow,46.59,23.59,PureSkin
500682589535.00,Charm Glow Concealer Highlighter,Highlighter,8.18,5.05,Blissful Touch
500245328856.00,Glow Charm Blush Eyeshadow,Eyeshadow,5.57,2.99,Natural Glow
500822036166.00,Pure Luxe Mascara Skincare,Skincare,45.13,23.53,Crystal Care
500577624486.00,Radiance Gleam Eyeshadow Highlighter,Highlighter,61.67,40.35,Gleam & Glow
500390385981.00,Glow Radiance Lipstick Foundation,Foundation,10.94,5.89,Divine Essence
500278374036.00,Radiance Pure Lipstick,Lipstick,55.32,27.9,Silken Secrets
500468876581.00,Matte Charm Concealer Eyeshadow,Eyeshadow,33.02,18.39,GlamGlow
500497699308.00,Shimmer Glow Blush Highlighter,Highlighter,50.59,26.73,GlamourPro
500702968173.00,Luxe Bold Eyeshadow Highlighter,Highlighter,31.65,17.91,Velvet Radiance
500351886977.00,Matte Vivid Eyeshadow Eyeliner,Eyeliner,44.15,23.29,Glow Essence
500702686244.00,Vivid Luxe Blush Eyeshadow,Eyeshadow,51.21,34.03,Blissful Touch
500240560956.00,Matte Bold Eyeshadow,Eyeshadow,44.43,23.48,Luxe Bloom
500806773752.00,Fierce Gleam Lipstick Concealer,Concealer,60.91,38.63,Pure Radiance
500138889963.00,Fierce Luxe Eyeshadow Mascara,Mascara,18.89,10.62,Amber Glow
500224450882.00,Velvet Shimmer Mascara Eyeshadow,Eyeshadow,16.05,10.36,Crystal Care
500240553316.00,Pure Glow Mascara,Mascara,33.44,16.94,Velvet Radiance
500321659624.00,Silk Vivid Eyeshadow Foundation,Foundation,23.1,11.59,Pure Radiance
500566905975.00,Gleam Radiance Lipstick Skincare,Skincare,10,6.33,Angelique
500233032379.00,Shimmer Fierce Mascara,Mascara,34.65,18,Angelique
500753476081.00,Fierce Glow Lipstick,Lipstick,20.57,11.87,Crystal Care
500822623981.00,Vivid Radiance Eyeshadow Skincare,Skincare,4.74,2.53,Crystal Care
500645742747.00,Shimmer Matte Blush Eyeliner,Eyeliner,50.86,27.7,Crystal Care
500302080795.00,Luxe Gleam Concealer,Concealer,52.27,29.35,SkinEssence
500825005064.00,Matte Velvet Concealer Eyeliner,Eyeliner,19.18,10.66,Luxe Beauty
500549262356.00,Matte Pure Concealer Eyeshadow,Eyeshadow,63.86,33.84,Blissful Touch
500239431086.00,Silk Gleam Eyeshadow Bronzer,Bronzer,13.28,7.35,GlamourPro
500848622765.00,Velvet Bold Concealer Mascara,Mascara,14.24,8.85,GlamGlow
500666936036.00,Pure Charm Blush Skincare,Skincare,31.41,16.09,Majestic Glow
500324870019.00,Glow Pure Lipstick Eyeliner,Eyeliner,18.98,9.78,Beauty Haven
500341955337.00,Gleam Matte Blush Concealer,Concealer,55.66,37.8,Sparkle & Shine
500740375466.00,Luxe Bold Mascara Blush,Blush,13,7.04,Angelique
500241621795.00,Pure Glow Concealer Lipstick,Lipstick,34.36,17.72,Heavenly Glow
500944784570.00,Shimmer Velvet Concealer Foundation,Foundation,39.49,21.91,Beauty Haven
500292442677.00,Shimmer Velvet Mascara Foundation,Foundation,67.54,44.38,Sparkle & Shine
500187258908.00,Radiance Luxe Mascara Eyeliner,Eyeliner,11.64,8.16,Majestic Glow
500522315444.00,Luxe Vivid Mascara Lipstick,Lipstick,62.57,36.51,GlamGlow
500816501073.00,Bold Luxe Mascara Eyeliner,Eyeliner,22.04,13.1,Flawless Glow
500775535037.00,Gleam Matte Eyeshadow Concealer,Concealer,56.26,33.69,Flawless Glow
500694194911.00,Luxe Fierce Blush Highlighter,Highlighter,36.6,23.39,Majestic Glow
500664595124.00,Matte Radiance Concealer Foundation,Foundation,10.23,5.46,PureSkin
500231813309.00,Charm Pure Blush Concealer,Concealer,48.75,27.28,Velvet Radiance
500279825067.00,Shimmer Pure Eyeshadow,Eyeshadow,29.91,15.44,Radiant Charm
500142861822.00,Shimmer Radiance Mascara Skincare,Skincare,39.98,20.18,Heavenly Glow
500467554658.00,Glow Shimmer Lipstick Skincare,Skincare,43.96,28.24,Radiant Charm
500478519754.00,Pure Fierce Eyeshadow,Eyeshadow,14.34,7.62,Radiant Charm
500283979953.00,Glow Shimmer Concealer,Concealer,24.33,14.27,Mystic Shine
500954319040.00,Gleam Radiance Concealer Foundation,Foundation,24.55,15.89,Luxe Bloom
500363732015.00,Charm Shimmer Eyeshadow Highlighter,Highlighter,63.39,35.92,Natural Glow
500862680015.00,Pure Gleam Eyeshadow Blush,Blush,42.88,25.01,Angelique
500319557616.00,Gleam Fierce Mascara Blush,Blush,58.9,38.24,Radiant Cosmetics
500344456502.00,Glow Fierce Blush Skincare,Skincare,28.76,16.02,Golden Touch
500478131686.00,Shimmer Bold Blush,Blush,21.06,13.49,Glow Essence
500382116183.00,Shimmer Vivid Blush Skincare,Skincare,45.35,24.79,PureSkin
500134373524.00,Fierce Silk Eyeshadow Skincare,Skincare,28.06,17.84,Crystal Care
500600515182.00,Glow Gleam Mascara Lipstick,Lipstick,14.96,7.82,Opal Beauty
500224768846.00,Silk Charm Eyeshadow Lipstick,Lipstick,16.35,9.01,Silken Secrets
500271508829.00,Velvet Bold Lipstick Highlighter,Highlighter,66.41,38.2,Blissful Touch
500589811955.00,Charm Silk Mascara Bronzer,Bronzer,60.73,38.36,Beauty Bloom
500267323252.00,Fierce Silk Lipstick Foundation,Foundation,30.77,15.75,Radiant Charm
500733055344.00,Bold Charm Concealer Blush,Blush,21.09,11.61,Natural Glow
500687215227.00,Shimmer Pure Lipstick Eyeshadow,Eyeshadow,11.39,6.54,Beauty Haven
500802523060.00,Shimmer Luxe Mascara Blush,Blush,22.97,13.92,Radiant Charm
500451393149.00,Glow Bold Lipstick Eyeliner,Eyeliner,53.92,29.64,Majestic Glow
500856744163.00,Radiance Velvet Lipstick Eyeliner,Eyeliner,11.55,8.45,Radiant Cosmetics
500162012340.00,Pure Glow Lipstick Blush,Blush,18.94,12.45,Divine Essence
500744960307.00,Bold Velvet Eyeshadow Bronzer,Bronzer,51.02,27.12,GlamGlow
500752334842.00,Charm Glow Eyeshadow Eyeliner,Eyeliner,16.74,10.84,PureSkin
500333362539.00,Bold Silk Eyeshadow Lipstick,Lipstick,28.42,16.33,GlamGlow
500499787850.00,Fierce Gleam Concealer Skincare,Skincare,39.81,23.98,Amber Glow
500137922790.00,Gleam Velvet Concealer Mascara,Mascara,35.59,20.91,Natural Glow
500453276753.00,Radiance Pure Blush Concealer,Concealer,38.43,28.21,Beauty Haven
500383538722.00,Pure Radiance Eyeshadow,Eyeshadow,65.48,35.41,Pure Radiance
500592789210.00,Vivid Silk Eyeshadow Eyeliner,Eyeliner,32.92,18.29,Silken Secrets
500807241945.00,Shimmer Glow Mascara Highlighter,Highlighter,36.76,20.66,Divine Essence
500731762058.00,Charm Bold Blush Concealer,Concealer,14.06,7.6,Luxe Beauty
500911485757.00,Fierce Luxe Lipstick Highlighter,Highlighter,22.22,12.83,GlamourPro
500971413070.00,Radiance Charm Mascara Lipstick,Lipstick,23.16,12.98,Elite Touch
500213263355.00,Glow Shimmer Mascara Blush,Blush,49.09,27.06,Mystic Shine
500867835322.00,Pure Matte Blush Skincare,Skincare,66.45,34.94,Luxe Beauty
500646505173.00,Charm Gleam Concealer Eyeliner,Eyeliner,9.21,6,Gleam & Glow
500670831346.00,Radiance Pure Concealer Skincare,Skincare,49.63,32.37,Gleam & Glow
500610992577.00,Bold Glow Blush Lipstick,Lipstick,28.71,17.31,Glow Essence
500260352430.00,Gleam Fierce Blush Skincare,Skincare,66.2,36.44,Amber Glow
500653835293.00,Gleam Charm Concealer Lipstick,Lipstick,20.12,11.32,SkinEssence
500415091728.00,Velvet Fierce Eyeshadow Eyeliner,Eyeliner,8.93,4.47,Mystic Shine
500259634074.00,Fierce Vivid Eyeshadow Skincare,Skincare,55.46,35.63,Natural Glow
500719559813.00,Radiance Silk Lipstick Eyeliner,Eyeliner,33.54,21.55,GlamGlow
500127539253.00,Gleam Vivid Lipstick Mascara,Mascara,44.88,27.21,Heavenly Glow
500485165126.00,Luxe Radiance Eyeshadow Lipstick,Lipstick,38.66,24.33,Sparkle & Shine
500420127451.00,Vivid Silk Blush Foundation,Foundation,23.15,16.45,Elite Skin
500358261883.00,Pure Charm Lipstick Foundation,Foundation,35.47,18.88,Divine Essence
500125124958.00,Gleam Shimmer Eyeshadow Mascara,Mascara,51.39,29.46,Elite Touch
500666583325.00,Glow Pure Mascara Lipstick,Lipstick,48.58,27.55,Silken Secrets
500919910843.00,Charm Matte Lipstick Skincare,Skincare,11.87,7.14,Velvet Radiance
500525660368.00,Radiance Luxe Blush Eyeshadow,Eyeshadow,39.42,21.29,Amber Glow
500262771883.00,Charm Gleam Mascara Eyeliner,Eyeliner,34.39,18.21,GlamGlow
500130222808.00,Shimmer Velvet Blush Eyeshadow,Eyeshadow,35.57,20.81,Velvet Radiance
500673509712.00,Gleam Velvet Lipstick,Lipstick,56.22,31.55,Blissful Touch
500282763023.00,Gleam Glow Lipstick Eyeshadow,Eyeshadow,16.87,11.02,Luxe Bloom
500223062048.00,Velvet Vivid Lipstick Skincare,Skincare,15.4,8.66,GlamGlow
500740454336.00,Luxe Radiance Mascara Eyeliner,Eyeliner,40.31,22,GlamGlow
