supplier_id,supplier_name,phone_number,supplier_email,street_address,city,postal_code,country
14052870,PureSkin,+44 7865 664 347,pureskin@company.com,3704 Shaw Streets,Lake Tammy,G81 1ZT,United Kingdom
1333563,Beauty Haven,+44 7235 840 299,beautyhaven@company.com,8771 Estes Highway,Wheelerborough,M69 5KX,United Kingdom
5896985,GlamGlow,+44 7925 531 228,glamglow@company.com,3398 Robinson Locks,Banksbury,AB54 1LT,United Kingdom
22261299,Sparkle & Shine,+44 7790 235 387,sparkle&shine@company.com,1460 Juan Mission,North Matthew,WC21 0NG,United Kingdom
50935824,Elite Touch,+44 7183 160 435,elitetouch@company.com,8673 Baker Coves,Gabrielleshire,W20 7MZ,United Kingdom
873084,SkinEssence,+44 7370 819 439,skinessence@company.com,85554 Charles Trafficway,Morganton,DE41 7JI,United Kingdom
90735481,Natural Glow,+44 7988 320 634,naturalglow@company.com,6602 Christopher Ports,Thomashaven,DE37 5FY,United Kingdom
3602142,Luxe Beauty,+44 7972 293 559,luxebeauty@company.com,779 Alisha Place,West Miketown,NE94 0IK,United Kingdom
94612217,GlamourPro,+44 7305 545 407,glamourpro@company.com,0703 Michael Harbor,West Tyler,G42 0BZ,United Kingdom
78363802,Radiant Cosmetics,+44 7148 520 851,radiantcosmetics@company.com,7107 Sanchez Shores,Coleside,AB43 2DW,United Kingdom
5158460,Glow Essence,+44 7831 538 191,glowessence@company.com,578 David Freeway,North Thomashaven,M54 4TV,United Kingdom
27695155,Beauty Bloom,+44 7907 251 250,beautybloom@company.com,070 Love Haven,South Jason,WC75 7HU,United Kingdom
11889834,Crystal Care,+44 7601 523 860,crystalcare@company.com,6499 Amy Cliff,East Sherri,SE19 5UP,United Kingdom
94942130,Pure Radiance,+44 7621 659 534,pureradiance@company.com,5299 Denise Spurs,New David,NW54 9VB,United Kingdom
3000407,Golden Touch,+44 7597 995 347,goldentouch@company.com,58929 Eric Well,West Jerrystad,NE19 0YK,United Kingdom
29694750,Heavenly Glow,+44 7767 464 688,heavenlyglow@company.com,0251 Vasquez Mill,New Anthonyborough,M61 9CR,United Kingdom
44746018,Mystic Shine,+44 7849 304 998,mysticshine@company.com,8536 Douglas Route,Katherinehaven,G94 3MN,United Kingdom
67041848,Angelique,+44 7642 796 709,angelique@company.com,813 Carrie Centers,Wendyshire,SW25 0EL,United Kingdom
13727184,Radiant Charm,+44 7889 410 390,radiantcharm@company.com,93091 Lauren Mews,West Jack,DE61 5PD,United Kingdom
23450262,Luxe Bloom,+44 7874 567 432,luxebloom@company.com,2007 Stewart Forks,West Christopherside,SW35 6ZE,United Kingdom
55466613,Flawless Glow,+44 7277 485 824,flawlessglow@company.com,550 Lauren Lane,West Michael,W80 0NT,United Kingdom
51392405,Elite Skin,+44 7808 636 752,eliteskin@company.com,1784 Kylie Summit,Morganmouth,L90 4CJ,United Kingdom
20917224,Velvet Radiance,+44 7633 426 128,velvetradiance@company.com,9862 Parker Harbor,Davidbury,AB11 7BS,United Kingdom
90562274,Gleam & Glow,+44 7654 744 234,gleam&glow@company.com,055 John Corners,Lake Kennethberg,L37 6CK,United Kingdom
30048289,Opal Beauty,+44 7855 180 950,opalbeauty@company.com,365 Jeffrey Ramp,Lake Joshua,SE92 3GX,United Kingdom
62846487,Blissful Touch,+44 7409 304 440,blissfultouch@company.com,76834 Becky Wells,West John,G64 9JE,United Kingdom
50529269,Silken Secrets,+44 7601 872 444,silkensecrets@company.com,631 Nicole Land,North Donald,WC72 8NU,United Kingdom
33363247,Majestic Glow,+44 7667 621 219,majesticglow@company.com,54912 Tucker Drive,Michaelberg,AB62 2MK,United Kingdom
11623384,Divine Essence,+44 7391 837 223,divineessence@company.com,38244 Adam Via,Port Jennytown,L54 3GB,United Kingdom
54622225,Amber Glow,+44 7257 891 471,amberglow@company.com,947 Fields Hollow,Port Jeffrey,AB97 9HD,United Kingdom
